-- Adminer 4.2.3 MySQL dump

SET NAMES utf8;
SET time_zone = '+00:00';
SET foreign_key_checks = 0;
SET sql_mode = 'NO_AUTO_VALUE_ON_ZERO';

DROP TABLE IF EXISTS `master_account_trans`;
CREATE TABLE `master_account_trans` (
  `id` int(11) NOT NULL AUTO_INCREMENT,
  `agent_cd` varchar(20) NOT NULL,
  `datetime` datetime NOT NULL,
  `payment_amount` float NOT NULL,
  `mode_pay` varchar(20) NOT NULL,
  `opening_amount` float(15,2) DEFAULT NULL,
  `closing_amount` float(15,2) DEFAULT NULL,
  `payment_status` varchar(20) NOT NULL,
  PRIMARY KEY (`id`)
) ENGINE=InnoDB DEFAULT CHARSET=latin1;

INSERT INTO `master_account_trans` (`id`, `agent_cd`, `datetime`, `payment_amount`, `mode_pay`, `opening_amount`, `closing_amount`, `payment_status`) VALUES
(21,	'Ridlr',	'2017-07-10 18:26:35',	10000,	'cash',	51581.00,	61581.00,	'Pending'),
(22,	'Ridlr',	'2017-08-01 15:36:55',	100,	'Cash',	998506.00,	998606.00,	'Pending'),
(23,	'Ridlr',	'2017-08-01 18:29:23',	100000,	'Cash',	998321.00,	1098321.00,	'Pending'),
(24,	'Ridlr',	'2017-08-01 19:15:58',	5,	'Cash',	1098070.00,	1098075.00,	'Pending'),
(25,	'Ridlr',	'2017-08-02 12:52:43',	500,	'Cash',	1097559.00,	1098059.00,	'Pending'),
(26,	'Ridlr',	'2017-08-02 12:53:45',	500,	'Cash',	1098059.00,	1098559.00,	'Pending'),
(27,	'Ridlr',	'2017-08-02 14:36:33',	10,	'Cash',	1098559.00,	1098569.00,	'Pending'),
(28,	'Ridlr',	'2017-08-02 15:23:37',	500,	'Cash',	1098569.00,	1099069.00,	'Pending'),
(29,	'Ridlr',	'2017-08-02 15:26:46',	500,	'Cash',	1099069.00,	1099569.00,	'Pending'),
(30,	'Ridlr',	'2017-08-02 15:35:22',	500,	'dd',	1099569.00,	1100069.00,	'Pending'),
(31,	'Ridlr',	'2017-08-03 11:18:48',	500,	'check',	1100069.00,	1100569.00,	'Pending'),
(32,	'Ridlr',	'2017-08-03 11:20:46',	500,	'Cash',	1100569.00,	1101069.00,	'Pending'),
(33,	'Ridlr',	'2017-08-03 11:22:37',	500,	'check',	1101069.00,	1101569.00,	'Pending'),
(34,	'Ridlr',	'2017-08-03 11:23:20',	500,	'check',	1101569.00,	1102069.00,	'Pending'),
(35,	'Ridlr',	'2017-08-03 11:34:10',	500,	'Cash',	1102069.00,	1102569.00,	'Pending'),
(36,	'Ridlr',	'2017-08-04 12:22:04',	500,	'check',	1102569.00,	1103069.00,	'Pending'),
(37,	'Ridlr',	'2017-08-16 15:50:21',	2000,	'Cash',	1102466.00,	1104466.00,	'Pending'),
(44,	'RIDLR',	'2017-08-21 14:37:28',	1000,	'Cash',	1104097.00,	1105097.00,	'Pending'),
(45,	'RIDLR',	'2017-08-21 14:38:24',	5000,	'Cash',	1105097.00,	1110097.00,	'Pending'),
(46,	'RIDLR',	'2017-08-22 11:32:08',	50000,	'check',	1110097.00,	1160097.00,	'Pending'),
(47,	'RIDLR',	'2017-08-24 14:16:16',	10000,	'Cash',	1157021.00,	1167021.00,	'Pending'),
(48,	'RIDLR',	'2017-08-24 14:19:17',	1000,	'Cash',	1166544.00,	1167544.00,	'Pending'),
(49,	'RIDLR',	'2017-08-24 14:23:42',	2000,	'Cash',	1166926.00,	1168926.00,	'Pending'),
(50,	'PVT',	'2017-08-24 14:49:12',	7678,	'check',	2879.00,	10557.00,	'Pending'),
(51,	'RIDLR',	'2017-08-24 16:34:20',	10000,	'check',	1168655.00,	1178655.00,	'Pending'),
(52,	'RIDLR',	'2017-08-24 16:48:34',	1000,	'Cash',	1178655.00,	1179655.00,	'Pending'),
(53,	'RIDLR',	'2017-08-24 16:57:46',	10000,	'Cash',	1179655.00,	1189655.00,	'Pending'),
(54,	'RIDLR',	'2017-08-31 15:15:03',	1000,	'Cash',	1189532.00,	1190532.00,	'Pending');

DROP TABLE IF EXISTS `mobile_ticket`;
CREATE TABLE `mobile_ticket` (
  `depot_cd` varchar(10) DEFAULT NULL,
  `depot_name` varchar(100) DEFAULT NULL,
  `region_cd` varchar(100) DEFAULT NULL,
  `region_name` varchar(100) DEFAULT NULL,
  `waybill_no` varchar(13) NOT NULL,
  `depot_code` varchar(10) NOT NULL,
  `ticket_type` varchar(8) NOT NULL,
  `full_ticket_count` int(11) NOT NULL,
  `half_ticket_count` int(11) NOT NULL,
  `total_amount` int(11) NOT NULL,
  `from_name` varchar(20) NOT NULL,
  `till_name` varchar(20) NOT NULL,
  `transaction_date` datetime NOT NULL,
  `transaction_time` time NOT NULL,
  `concession_short_name` varchar(20) NOT NULL,
  `epurse_card_ID` varchar(200) DEFAULT NULL
) ENGINE=InnoDB DEFAULT CHARSET=latin1;

INSERT INTO `mobile_ticket` (`depot_cd`, `depot_name`, `region_cd`, `region_name`, `waybill_no`, `depot_code`, `ticket_type`, `full_ticket_count`, `half_ticket_count`, `total_amount`, `from_name`, `till_name`, `transaction_date`, `transaction_time`, `concession_short_name`, `epurse_card_ID`) VALUES
('ALM',	'ALAMBAGH',	'LKO',	'LUCKNOW',	'0000037981',	'ALM       ',	'31',	1,	0,	5400,	'ALLAHABAD           ',	'KUNDA               ',	'2017-08-14 00:00:00',	'13:19:14',	'j6bu2h9i000000nb',	'd089a5fadf5dd051');

DROP TABLE IF EXISTS `pagent_account`;
CREATE TABLE `pagent_account` (
  `AGENT_CD` varchar(10) NOT NULL DEFAULT '',
  `SECURITY_DEPOSIT` float NOT NULL,
  `CREDIT_LIMIT_AMT` float NOT NULL,
  `CREDIT_LIMIT_DAYS` int(11) NOT NULL,
  `CURRENT_BAL` float(10,2) NOT NULL,
  `CUT_OFF_LIMIT` int(11) NOT NULL,
  PRIMARY KEY (`AGENT_CD`)
) ENGINE=InnoDB DEFAULT CHARSET=latin1 CHECKSUM=1 DELAY_KEY_WRITE=1 ROW_FORMAT=DYNAMIC;

INSERT INTO `pagent_account` (`AGENT_CD`, `SECURITY_DEPOSIT`, `CREDIT_LIMIT_AMT`, `CREDIT_LIMIT_DAYS`, `CURRENT_BAL`, `CUT_OFF_LIMIT`) VALUES
('ABHIBUS',	0,	0,	4,	991381.00,	190000),
('ATOM',	0,	0,	4,	17.00,	0),
('AYSH',	0,	0,	4,	775571008.00,	0),
('BOS',	0,	0,	4,	744268.00,	190000),
('BUSIND',	0,	0,	4,	506980.00,	190000),
('HERMESIT',	0,	0,	4,	534415.00,	190000),
('KHMMTRIP',	0,	0,	4,	1233850.00,	190000),
('NONE',	0,	0,	2,	20.50,	190000),
('PVT',	0,	0,	2,	10557.00,	190000),
('REDBUS',	0,	0,	4,	3231170.00,	190000),
('RIDLR',	0,	0,	2,	1148323.00,	190000),
('TYAARI',	0,	0,	4,	278215.00,	190000);

DROP TABLE IF EXISTS `pagent_account_trans`;
CREATE TABLE `pagent_account_trans` (
  `AGENT_CD` varchar(20) NOT NULL,
  `OPENING_BALANCE` float(10,2) NOT NULL,
  `CLOSING_BALANCE` float(10,2) NOT NULL,
  `TKT_REMAINING` int(10) DEFAULT NULL,
  `TKT_AMOUNT` float(10,2) NOT NULL,
  `USER_CD` varchar(10) NOT NULL,
  `TIME_STAMP` timestamp NULL DEFAULT CURRENT_TIMESTAMP,
  `GUID` varchar(20) DEFAULT NULL,
  `TICKET_NO` bigint(20) DEFAULT NULL,
  `BOOKING_CENTRE_CD` varchar(10) DEFAULT NULL,
  `FIELD_VALUE` varchar(10) DEFAULT NULL,
  `ID` int(11) NOT NULL AUTO_INCREMENT,
  PRIMARY KEY (`ID`),
  KEY `idx_agent_cd` (`AGENT_CD`),
  KEY `idx_TIME_STAMP` (`TIME_STAMP`)
) ENGINE=InnoDB DEFAULT CHARSET=latin1;

INSERT INTO `pagent_account_trans` (`AGENT_CD`, `OPENING_BALANCE`, `CLOSING_BALANCE`, `TKT_REMAINING`, `TKT_AMOUNT`, `USER_CD`, `TIME_STAMP`, `GUID`, `TICKET_NO`, `BOOKING_CENTRE_CD`, `FIELD_VALUE`, `ID`) VALUES
('PVT',	0.00,	5000.00,	0,	0.00,	'UPACC',	'2013-02-02 09:52:37',	NULL,	NULL,	NULL,	NULL,	1),
('PVT',	5000.00,	4592.50,	0,	407.50,	'PVTBC',	'2013-02-02 09:55:35',	NULL,	NULL,	NULL,	NULL,	2),
('PVT',	4592.50,	4185.00,	0,	407.50,	'PVTBC',	'2013-02-02 10:22:22',	NULL,	NULL,	NULL,	NULL,	3),
('AYSH',	0.00,	1500000.00,	0,	0.00,	'UPACC',	'2013-02-02 10:35:40',	NULL,	NULL,	NULL,	NULL,	4),
('AYSH',	1500000.00,	1499592.50,	0,	407.50,	'ANIL',	'2013-02-02 10:38:01',	NULL,	NULL,	NULL,	NULL,	5),
('AYSH',	1499592.50,	1499185.00,	0,	407.50,	'ANIL',	'2013-02-02 10:39:08',	NULL,	NULL,	NULL,	NULL,	6),
('AYSH',	1499185.00,	1498776.00,	0,	409.00,	'ANIL',	'2013-02-03 06:30:13',	NULL,	NULL,	NULL,	NULL,	7),
('AYSH',	1498776.00,	1498367.00,	0,	409.00,	'ANIL',	'2013-02-03 06:31:48',	NULL,	NULL,	NULL,	NULL,	8),
('AYSH',	1498367.00,	1497958.00,	0,	409.00,	'ANIL',	'2013-02-03 06:33:35',	NULL,	NULL,	NULL,	NULL,	9),
('AYSH',	1497958.00,	1497199.00,	0,	759.00,	'ANIL',	'2013-02-03 06:36:17',	'112',	NULL,	NULL,	NULL,	10),
('RIDLR',	61581.00,	61561.00,	0,	20.00,	'RIDLR',	NULL,	'111',	NULL,	NULL,	NULL,	4358685),
('RIDLR',	61561.00,	61541.00,	0,	20.00,	'RIDLR',	NULL,	'111',	NULL,	NULL,	NULL,	4358686),
('RIDLR',	1161540.00,	1161540.00,	0,	20.00,	'Test',	NULL,	'111',	NULL,	NULL,	NULL,	4358687),
('RIDLR',	1161540.00,	1161540.00,	0,	20.00,	'Test',	NULL,	'111',	NULL,	NULL,	NULL,	4358688),
('RIDLR',	1161540.00,	1161540.00,	0,	20.00,	'Test',	NULL,	'111',	NULL,	NULL,	NULL,	4358689),
('RIDLR',	1161540.00,	1161540.00,	0,	20.00,	'Test',	NULL,	'111',	NULL,	NULL,	NULL,	4358690),
('RIDLR',	1161540.00,	1161540.00,	0,	20.00,	'Test',	NULL,	'111',	NULL,	NULL,	NULL,	4358691),
('RIDLR',	1161540.00,	1161540.00,	0,	20.00,	'Test',	NULL,	'111',	NULL,	NULL,	NULL,	4358692),
('RIDLR',	1161540.00,	1161520.00,	0,	20.00,	'Dev',	NULL,	'111',	NULL,	NULL,	NULL,	4358693),
('RIDLR',	1161520.00,	1161500.00,	0,	20.00,	'Dev',	NULL,	'111',	NULL,	NULL,	NULL,	4358694),
('RIDLR',	1161500.00,	1161500.00,	0,	20.00,	'Test',	NULL,	'111',	NULL,	NULL,	NULL,	4358695),
('RIDLR',	1161500.00,	1161480.00,	0,	20.00,	'Dev',	NULL,	'111',	NULL,	NULL,	NULL,	4358696),
('RIDLR',	1161480.00,	1161460.00,	0,	20.00,	'Dev',	'2017-07-11 06:43:38',	'111',	NULL,	NULL,	NULL,	4358697),
('RIDLR',	1161460.00,	1161440.00,	0,	20.00,	'Dev',	'2017-07-11 10:07:47',	'111',	NULL,	NULL,	NULL,	4358698),
('RIDLR',	1161440.00,	1161420.00,	0,	20.00,	'Dev',	'2017-07-11 10:50:45',	'111',	NULL,	NULL,	NULL,	4358699),
('RIDLR',	1161420.00,	1161400.00,	0,	20.00,	'Dev',	'2017-07-11 10:50:47',	'111',	NULL,	NULL,	NULL,	4358700),
('RIDLR',	1161400.00,	1161380.00,	0,	20.00,	'Dev',	'2017-07-12 07:29:08',	'111',	NULL,	NULL,	NULL,	4358701),
('RIDLR',	1161380.00,	1161380.00,	0,	20.00,	'Test',	'2017-07-12 07:34:21',	'111',	NULL,	NULL,	NULL,	4358702),
('RIDLR',	1161380.00,	1161360.00,	0,	20.00,	'Dev',	'2017-07-12 07:34:38',	'111',	NULL,	NULL,	NULL,	4358703),
('RIDLR',	1161360.00,	1161340.00,	0,	20.00,	'Dev',	'2017-07-12 07:35:08',	'111',	NULL,	NULL,	NULL,	4358704),
('RIDLR',	1161340.00,	1161320.00,	0,	20.00,	'Dev',	'2017-07-12 07:35:49',	'111',	NULL,	NULL,	NULL,	4358705),
('RIDLR',	1161320.00,	1161320.00,	0,	20.00,	'Test',	'2017-07-12 07:49:55',	'111',	NULL,	NULL,	NULL,	4358706),
('RIDLR',	1161320.00,	1161320.00,	0,	20.00,	'Test',	'2017-07-12 07:50:28',	'111',	NULL,	NULL,	NULL,	4358707),
('RIDLR',	1161320.00,	1161300.00,	0,	20.00,	'Dev',	'2017-07-12 07:50:39',	'111',	NULL,	NULL,	NULL,	4358708),
('RIDLR',	1161300.00,	1161250.00,	0,	50.00,	'Dev',	'2017-07-12 07:52:17',	'111',	NULL,	NULL,	NULL,	4358709),
('RIDLR',	1161250.00,	1161250.00,	0,	50.00,	'Test',	'2017-07-12 07:52:25',	'111',	NULL,	NULL,	NULL,	4358710),
('RIDLR',	1161250.00,	1161250.00,	0,	50.00,	'Test',	'2017-07-12 07:56:59',	'111',	NULL,	NULL,	NULL,	4358711),
('RIDLR',	1161250.00,	1161200.00,	0,	50.00,	'Dev',	'2017-07-12 07:57:08',	'111',	NULL,	NULL,	NULL,	4358712),
('RIDLR',	1161200.00,	1161220.00,	0,	-20.00,	'Dev',	'2017-07-12 08:03:22',	'111',	NULL,	NULL,	NULL,	4358713),
('RIDLR',	1161220.00,	1161240.00,	0,	-20.00,	'Dev',	'2017-07-12 08:03:26',	'111',	NULL,	NULL,	NULL,	4358714),
('RIDLR',	1161240.00,	1161260.00,	0,	-20.00,	'Dev',	'2017-07-12 08:03:46',	'111',	NULL,	NULL,	NULL,	4358715),
('RIDLR',	1161260.00,	1161280.00,	0,	-20.00,	'Dev',	'2017-07-12 08:03:51',	'111',	NULL,	NULL,	NULL,	4358716),
('RIDLR',	1161280.00,	1161300.00,	0,	-20.00,	'Dev',	'2017-07-12 08:04:01',	'111',	NULL,	NULL,	NULL,	4358717),
('RIDLR',	1161300.00,	1161320.00,	0,	-20.00,	'Dev',	'2017-07-12 08:04:14',	'111',	NULL,	NULL,	NULL,	4358718),
('RIDLR',	1161320.00,	1161300.00,	0,	20.00,	'Dev',	'2017-07-12 09:26:26',	'111',	NULL,	NULL,	NULL,	4358719),
('RIDLR',	1161300.00,	1161280.00,	0,	20.00,	'Dev',	'2017-07-12 09:27:09',	'111',	NULL,	NULL,	NULL,	4358720),
('RIDLR',	1161280.00,	1161260.00,	0,	20.00,	'Dev',	'2017-07-12 09:28:13',	'111',	NULL,	NULL,	NULL,	4358721),
('RIDLR',	1161260.00,	1161240.00,	0,	20.00,	'Dev',	'2017-07-12 09:38:46',	'111',	NULL,	NULL,	NULL,	4358722),
('RIDLR',	1161240.00,	1161240.00,	0,	20.00,	'Test',	'2017-07-12 10:42:49',	'111',	NULL,	NULL,	NULL,	4358723),
('RIDLR',	1161240.00,	1161240.00,	0,	20.00,	'Test',	'2017-07-12 10:57:19',	'111',	NULL,	NULL,	NULL,	4358724),
('RIDLR',	1161240.00,	1161240.00,	0,	20.00,	'Test',	'2017-07-12 10:57:23',	'111',	NULL,	NULL,	NULL,	4358725),
('RIDLR',	1161240.00,	1161220.00,	0,	20.00,	'Dev',	'2017-07-12 10:57:30',	'111',	NULL,	NULL,	NULL,	4358726),
('RIDLR',	1161220.00,	1161120.00,	0,	100.00,	'Dev',	'2017-07-12 11:07:06',	'111',	NULL,	NULL,	NULL,	4358727),
('RIDLR',	1161120.00,	1161120.00,	0,	100.00,	'Test',	'2017-07-12 11:07:15',	'111',	NULL,	NULL,	NULL,	4358728),
('RIDLR',	1161120.00,	1161120.00,	0,	100.00,	'Test',	'2017-07-12 11:07:18',	'111',	NULL,	NULL,	NULL,	4358729),
('RIDLR',	1161120.00,	1161020.00,	0,	100.00,	'Dev',	'2017-07-12 11:07:43',	'111',	NULL,	NULL,	NULL,	4358730),
('RIDLR',	1161020.00,	1160920.00,	0,	100.00,	'Dev',	'2017-07-12 11:07:44',	'111',	NULL,	NULL,	NULL,	4358731),
('RIDLR',	1160920.00,	1160820.00,	0,	100.00,	'Dev',	'2017-07-12 11:07:45',	'111',	NULL,	NULL,	NULL,	4358732),
('RIDLR',	1160820.00,	1160720.00,	0,	100.00,	'Dev',	'2017-07-12 11:07:45',	'111',	NULL,	NULL,	NULL,	4358733),
('RIDLR',	1160720.00,	1160620.00,	0,	100.00,	'Dev',	'2017-07-12 11:07:46',	'111',	NULL,	NULL,	NULL,	4358734),
('RIDLR',	1160620.00,	1160520.00,	0,	100.00,	'Dev',	'2017-07-12 11:07:46',	'111',	NULL,	NULL,	NULL,	4358735),
('RIDLR',	1160520.00,	1160420.00,	0,	100.00,	'Dev',	'2017-07-12 11:07:47',	'111',	NULL,	NULL,	NULL,	4358736),
('RIDLR',	1160420.00,	1160320.00,	0,	100.00,	'Dev',	'2017-07-12 11:07:47',	'111',	NULL,	NULL,	NULL,	4358737),
('RIDLR',	1160320.00,	1160220.00,	0,	100.00,	'Dev',	'2017-07-12 11:07:47',	'111',	NULL,	NULL,	NULL,	4358738),
('RIDLR',	1160220.00,	1160120.00,	0,	100.00,	'Dev',	'2017-07-12 11:07:48',	'111',	NULL,	NULL,	NULL,	4358739),
('RIDLR',	1160120.00,	1160020.00,	0,	100.00,	'Dev',	'2017-07-12 11:07:48',	'111',	NULL,	NULL,	NULL,	4358740),
('RIDLR',	1160020.00,	1159920.00,	0,	100.00,	'Dev',	'2017-07-12 11:07:48',	'111',	NULL,	NULL,	NULL,	4358741),
('RIDLR',	1159920.00,	1159820.00,	0,	100.00,	'Dev',	'2017-07-12 11:07:48',	'111',	NULL,	NULL,	NULL,	4358742),
('RIDLR',	1159820.00,	1159720.00,	0,	100.00,	'Dev',	'2017-07-12 11:07:49',	'111',	NULL,	NULL,	NULL,	4358743),
('RIDLR',	1159720.00,	1159620.00,	0,	100.00,	'Dev',	'2017-07-12 11:07:49',	'111',	NULL,	NULL,	NULL,	4358744),
('RIDLR',	1159620.00,	1159520.00,	0,	100.00,	'Dev',	'2017-07-12 11:07:49',	'111',	NULL,	NULL,	NULL,	4358745),
('RIDLR',	1159520.00,	1159420.00,	0,	100.00,	'Dev',	'2017-07-12 11:07:50',	'111',	NULL,	NULL,	NULL,	4358746),
('RIDLR',	1159420.00,	1159320.00,	0,	100.00,	'Dev',	'2017-07-12 11:07:50',	'111',	NULL,	NULL,	NULL,	4358747),
('RIDLR',	1159320.00,	1159220.00,	0,	100.00,	'Dev',	'2017-07-12 11:07:50',	'111',	NULL,	NULL,	NULL,	4358748),
('RIDLR',	1159220.00,	1159120.00,	0,	100.00,	'Dev',	'2017-07-12 11:07:51',	'111',	NULL,	NULL,	NULL,	4358749),
('RIDLR',	1159120.00,	1159020.00,	0,	100.00,	'Dev',	'2017-07-12 11:07:51',	'111',	NULL,	NULL,	NULL,	4358750),
('RIDLR',	1159020.00,	1158920.00,	0,	100.00,	'Dev',	'2017-07-12 11:07:51',	'111',	NULL,	NULL,	NULL,	4358751),
('RIDLR',	1158920.00,	1158820.00,	0,	100.00,	'Dev',	'2017-07-12 11:07:51',	'111',	NULL,	NULL,	NULL,	4358752),
('RIDLR',	1158820.00,	1158720.00,	0,	100.00,	'Dev',	'2017-07-12 11:07:52',	'111',	NULL,	NULL,	NULL,	4358753),
('RIDLR',	1158720.00,	1158620.00,	0,	100.00,	'Dev',	'2017-07-12 11:07:52',	'111',	NULL,	NULL,	NULL,	4358754),
('RIDLR',	1158620.00,	1158520.00,	0,	100.00,	'Dev',	'2017-07-12 11:07:52',	'111',	NULL,	NULL,	NULL,	4358755),
('RIDLR',	1158520.00,	1158420.00,	0,	100.00,	'Dev',	'2017-07-12 11:07:52',	'111',	NULL,	NULL,	NULL,	4358756),
('RIDLR',	1158420.00,	1158320.00,	0,	100.00,	'Dev',	'2017-07-12 11:07:53',	'111',	NULL,	NULL,	NULL,	4358757),
('RIDLR',	1158320.00,	1158220.00,	0,	100.00,	'Dev',	'2017-07-12 11:07:53',	'111',	NULL,	NULL,	NULL,	4358758),
('RIDLR',	1158220.00,	1158120.00,	0,	100.00,	'Dev',	'2017-07-12 11:07:53',	'111',	NULL,	NULL,	NULL,	4358759),
('RIDLR',	1158120.00,	1158020.00,	0,	100.00,	'Dev',	'2017-07-12 11:07:53',	'111',	NULL,	NULL,	NULL,	4358760),
('RIDLR',	1158020.00,	1157920.00,	0,	100.00,	'Dev',	'2017-07-12 11:07:53',	'111',	NULL,	NULL,	NULL,	4358761),
('RIDLR',	1157920.00,	1157820.00,	0,	100.00,	'Dev',	'2017-07-12 11:13:24',	'111',	NULL,	NULL,	NULL,	4358762),
('RIDLR',	1157820.00,	1157720.00,	0,	100.00,	'Dev',	'2017-07-12 11:13:24',	'111',	NULL,	NULL,	NULL,	4358763),
('RIDLR',	1157720.00,	1157620.00,	0,	100.00,	'Dev',	'2017-07-12 11:13:25',	'111',	NULL,	NULL,	NULL,	4358764),
('RIDLR',	1157620.00,	1157520.00,	0,	100.00,	'Dev',	'2017-07-12 11:13:25',	'111',	NULL,	NULL,	NULL,	4358765),
('RIDLR',	1157520.00,	1157420.00,	0,	100.00,	'Dev',	'2017-07-12 11:13:25',	'111',	NULL,	NULL,	NULL,	4358766),
('RIDLR',	1157420.00,	1157320.00,	0,	100.00,	'Dev',	'2017-07-12 11:13:26',	'111',	NULL,	NULL,	NULL,	4358767),
('RIDLR',	1157320.00,	1157220.00,	0,	100.00,	'Dev',	'2017-07-12 11:13:26',	'111',	NULL,	NULL,	NULL,	4358768),
('RIDLR',	1157220.00,	1157120.00,	0,	100.00,	'Dev',	'2017-07-12 11:13:26',	'111',	NULL,	NULL,	NULL,	4358769),
('RIDLR',	1157120.00,	1157020.00,	0,	100.00,	'Dev',	'2017-07-12 11:13:27',	'111',	NULL,	NULL,	NULL,	4358770),
('RIDLR',	1157020.00,	1156920.00,	0,	100.00,	'Dev',	'2017-07-12 11:13:27',	'111',	NULL,	NULL,	NULL,	4358771),
('RIDLR',	1156920.00,	1156820.00,	0,	100.00,	'Dev',	'2017-07-12 11:13:27',	'111',	NULL,	NULL,	NULL,	4358772),
('RIDLR',	1156820.00,	1156720.00,	0,	100.00,	'Dev',	'2017-07-12 11:13:27',	'111',	NULL,	NULL,	NULL,	4358773),
('RIDLR',	1156720.00,	1156620.00,	0,	100.00,	'Dev',	'2017-07-12 11:14:43',	'111',	NULL,	NULL,	NULL,	4358774),
('RIDLR',	1156620.00,	1156520.00,	0,	100.00,	'Dev',	'2017-07-12 11:14:43',	'111',	NULL,	NULL,	NULL,	4358775),
('RIDLR',	1156520.00,	1156420.00,	0,	100.00,	'Dev',	'2017-07-12 11:14:44',	'111',	NULL,	NULL,	NULL,	4358776),
('RIDLR',	1156420.00,	1156320.00,	0,	100.00,	'Dev',	'2017-07-12 11:14:45',	'111',	NULL,	NULL,	NULL,	4358777),
('RIDLR',	1156320.00,	1156220.00,	0,	100.00,	'Dev',	'2017-07-12 11:14:45',	'111',	NULL,	NULL,	NULL,	4358778),
('RIDLR',	1156220.00,	1156120.00,	0,	100.00,	'Dev',	'2017-07-12 11:14:45',	'111',	NULL,	NULL,	NULL,	4358779),
('RIDLR',	1156120.00,	1156020.00,	0,	100.00,	'Dev',	'2017-07-12 11:14:46',	'111',	NULL,	NULL,	NULL,	4358780),
('RIDLR',	1156020.00,	1155920.00,	0,	100.00,	'Dev',	'2017-07-12 11:14:46',	'111',	NULL,	NULL,	NULL,	4358781),
('RIDLR',	1155920.00,	1155820.00,	0,	100.00,	'Dev',	'2017-07-12 11:14:47',	'111',	NULL,	NULL,	NULL,	4358782),
('RIDLR',	1155820.00,	1155720.00,	0,	100.00,	'Dev',	'2017-07-12 11:14:47',	'111',	NULL,	NULL,	NULL,	4358783),
('RIDLR',	1155720.00,	1155720.00,	0,	100.00,	'Test',	'2017-07-12 11:17:16',	'111',	NULL,	NULL,	NULL,	4358784),
('RIDLR',	1155720.00,	1155720.00,	0,	100.00,	'Test',	'2017-07-12 11:17:16',	'111',	NULL,	NULL,	NULL,	4358785),
('RIDLR',	1155720.00,	1155720.00,	0,	100.00,	'Test',	'2017-07-12 11:17:16',	'111',	NULL,	NULL,	NULL,	4358786),
('RIDLR',	1155720.00,	1155720.00,	0,	100.00,	'Test',	'2017-07-12 11:17:17',	'111',	NULL,	NULL,	NULL,	4358787),
('RIDLR',	1155720.00,	1155720.00,	0,	100.00,	'Test',	'2017-07-12 11:17:17',	'111',	NULL,	NULL,	NULL,	4358788),
('RIDLR',	1155720.00,	1155720.00,	0,	100.00,	'Test',	'2017-07-12 11:17:17',	'111',	NULL,	NULL,	NULL,	4358789),
('RIDLR',	1155720.00,	1155720.00,	0,	100.00,	'Test',	'2017-07-12 11:17:18',	'111',	NULL,	NULL,	NULL,	4358790),
('RIDLR',	1155720.00,	1155720.00,	0,	100.00,	'Test',	'2017-07-12 11:17:18',	'111',	NULL,	NULL,	NULL,	4358791),
('RIDLR',	1155720.00,	1155720.00,	0,	100.00,	'Test',	'2017-07-12 11:17:18',	'111',	NULL,	NULL,	NULL,	4358792),
('RIDLR',	1155720.00,	1155720.00,	0,	100.00,	'Test',	'2017-07-12 11:17:18',	'111',	NULL,	NULL,	NULL,	4358793),
('RIDLR',	1155720.00,	1155720.00,	0,	100.00,	'Test',	'2017-07-12 11:17:19',	'111',	NULL,	NULL,	NULL,	4358794),
('RIDLR',	1155720.00,	1155720.00,	0,	100.00,	'Test',	'2017-07-12 11:17:19',	'111',	NULL,	NULL,	NULL,	4358795),
('RIDLR',	1155720.00,	1155720.00,	0,	100.00,	'Test',	'2017-07-12 11:17:19',	'111',	NULL,	NULL,	NULL,	4358796),
('RIDLR',	1155720.00,	1155720.00,	0,	100.00,	'Test',	'2017-07-12 11:18:57',	'111',	NULL,	NULL,	NULL,	4358797),
('RIDLR',	1155720.00,	1155720.00,	0,	100.00,	'Test',	'2017-07-12 11:18:57',	'111',	NULL,	NULL,	NULL,	4358798),
('RIDLR',	1155720.00,	1155620.00,	0,	100.00,	'Dev',	'2017-07-12 11:19:32',	'111',	NULL,	NULL,	NULL,	4358799),
('RIDLR',	1155620.00,	1155520.00,	0,	100.00,	'Dev',	'2017-07-12 11:19:34',	'111',	NULL,	NULL,	NULL,	4358800),
('RIDLR',	1155520.00,	1155420.00,	0,	100.00,	'Dev',	'2017-07-12 11:19:34',	'111',	NULL,	NULL,	NULL,	4358801),
('RIDLR',	1155420.00,	1155320.00,	0,	100.00,	'Dev',	'2017-07-12 11:19:35',	'111',	NULL,	NULL,	NULL,	4358802),
('RIDLR',	1155320.00,	1155220.00,	0,	100.00,	'Dev',	'2017-07-12 11:19:35',	'111',	NULL,	NULL,	NULL,	4358803),
('RIDLR',	1155220.00,	1155120.00,	0,	100.00,	'Dev',	'2017-07-12 11:19:35',	'111',	NULL,	NULL,	NULL,	4358804),
('RIDLR',	1155120.00,	1155020.00,	0,	100.00,	'Dev',	'2017-07-12 11:19:35',	'111',	NULL,	NULL,	NULL,	4358805),
('RIDLR',	1155020.00,	1154920.00,	0,	100.00,	'Dev',	'2017-07-12 11:19:36',	'111',	NULL,	NULL,	NULL,	4358806),
('RIDLR',	1154920.00,	1154820.00,	0,	100.00,	'Dev',	'2017-07-12 11:19:36',	'111',	NULL,	NULL,	NULL,	4358807),
('RIDLR',	1154820.00,	1154720.00,	0,	100.00,	'Dev',	'2017-07-12 11:19:36',	'111',	NULL,	NULL,	NULL,	4358808),
('RIDLR',	1154720.00,	1154620.00,	0,	100.00,	'Dev',	'2017-07-12 11:19:36',	'111',	NULL,	NULL,	NULL,	4358809),
('RIDLR',	1154620.00,	1154520.00,	0,	100.00,	'Dev',	'2017-07-12 11:19:36',	'111',	NULL,	NULL,	NULL,	4358810),
('RIDLR',	1154520.00,	1154420.00,	0,	100.00,	'Dev',	'2017-07-12 11:19:37',	'111',	NULL,	NULL,	NULL,	4358811),
('RIDLR',	1154420.00,	1154320.00,	0,	100.00,	'Dev',	'2017-07-12 11:19:37',	'111',	NULL,	NULL,	NULL,	4358812),
('RIDLR',	1154320.00,	1154220.00,	0,	100.00,	'Dev',	'2017-07-12 11:19:37',	'111',	NULL,	NULL,	NULL,	4358813),
('RIDLR',	1154220.00,	1154120.00,	0,	100.00,	'Dev',	'2017-07-12 11:19:37',	'111',	NULL,	NULL,	NULL,	4358814),
('RIDLR',	1154120.00,	1154020.00,	0,	100.00,	'Dev',	'2017-07-12 11:19:38',	'111',	NULL,	NULL,	NULL,	4358815),
('RIDLR',	1154020.00,	1153920.00,	0,	100.00,	'Dev',	'2017-07-12 11:19:38',	'111',	NULL,	NULL,	NULL,	4358816),
('RIDLR',	1153920.00,	1153820.00,	0,	100.00,	'Dev',	'2017-07-12 11:19:38',	'111',	NULL,	NULL,	NULL,	4358817),
('RIDLR',	1153820.00,	1153720.00,	0,	100.00,	'Dev',	'2017-07-12 11:19:38',	'111',	NULL,	NULL,	NULL,	4358818),
('RIDLR',	1153720.00,	1153620.00,	0,	100.00,	'Dev',	'2017-07-12 11:19:38',	'111',	NULL,	NULL,	NULL,	4358819),
('RIDLR',	1153620.00,	1153520.00,	0,	100.00,	'Dev',	'2017-07-12 11:19:39',	'111',	NULL,	NULL,	NULL,	4358820),
('RIDLR',	1153520.00,	1153420.00,	0,	100.00,	'Dev',	'2017-07-12 11:19:39',	'111',	NULL,	NULL,	NULL,	4358821),
('RIDLR',	1153420.00,	1153320.00,	0,	100.00,	'Dev',	'2017-07-12 11:19:39',	'111',	NULL,	NULL,	NULL,	4358822),
('RIDLR',	1153320.00,	1153220.00,	0,	100.00,	'Dev',	'2017-07-12 11:19:39',	'111',	NULL,	NULL,	NULL,	4358823),
('RIDLR',	1153220.00,	1153120.00,	0,	100.00,	'Dev',	'2017-07-12 11:19:39',	'111',	NULL,	NULL,	NULL,	4358824),
('RIDLR',	1153120.00,	1153020.00,	0,	100.00,	'Dev',	'2017-07-12 11:19:40',	'111',	NULL,	NULL,	NULL,	4358825),
('RIDLR',	1153020.00,	1152920.00,	0,	100.00,	'Dev',	'2017-07-12 11:19:40',	'111',	NULL,	NULL,	NULL,	4358826),
('RIDLR',	1152920.00,	1152820.00,	0,	100.00,	'Dev',	'2017-07-12 11:19:40',	'111',	NULL,	NULL,	NULL,	4358827),
('RIDLR',	1152820.00,	1152720.00,	0,	100.00,	'Dev',	'2017-07-12 11:19:40',	'111',	NULL,	NULL,	NULL,	4358828),
('RIDLR',	1152720.00,	1152620.00,	0,	100.00,	'Dev',	'2017-07-12 11:19:41',	'111',	NULL,	NULL,	NULL,	4358829),
('RIDLR',	1152620.00,	1152520.00,	0,	100.00,	'Dev',	'2017-07-12 11:19:41',	'111',	NULL,	NULL,	NULL,	4358830),
('RIDLR',	1152520.00,	1140520.00,	0,	12000.00,	'Dev',	'2017-07-12 12:20:01',	'111',	NULL,	NULL,	NULL,	4358831),
('RIDLR',	1140520.00,	1128520.00,	0,	12000.00,	'Dev',	'2017-07-12 12:20:17',	'111',	NULL,	NULL,	NULL,	4358832),
('RIDLR',	1128520.00,	1128540.00,	0,	-20.00,	'Dev',	'2017-07-12 12:22:57',	'111',	NULL,	NULL,	NULL,	4358833),
('RIDLR',	1128540.00,	1116540.00,	0,	12000.00,	'Dev',	'2017-07-12 12:23:22',	'111',	NULL,	NULL,	NULL,	4358834),
('RIDLR',	1116540.00,	1104540.00,	0,	12000.00,	'Dev',	'2017-07-12 12:23:28',	'111',	NULL,	NULL,	NULL,	4358835),
('RIDLR',	1104540.00,	1092540.00,	0,	12000.00,	'Dev',	'2017-07-12 12:23:29',	'111',	NULL,	NULL,	NULL,	4358836),
('RIDLR',	1092540.00,	1080540.00,	0,	12000.00,	'Dev',	'2017-07-12 12:23:29',	'111',	NULL,	NULL,	NULL,	4358837),
('RIDLR',	1080540.00,	1068540.00,	0,	12000.00,	'Dev',	'2017-07-12 12:23:38',	'111',	NULL,	NULL,	NULL,	4358838),
('RIDLR',	1068540.00,	1056540.00,	0,	12000.00,	'Dev',	'2017-07-12 12:23:38',	'111',	NULL,	NULL,	NULL,	4358839),
('RIDLR',	1056540.00,	1044540.00,	0,	12000.00,	'Dev',	'2017-07-12 12:23:39',	'111',	NULL,	NULL,	NULL,	4358840),
('RIDLR',	1044540.00,	1032540.00,	0,	12000.00,	'Dev',	'2017-07-12 12:23:39',	'111',	NULL,	NULL,	NULL,	4358841),
('RIDLR',	1032540.00,	1020540.00,	0,	12000.00,	'Dev',	'2017-07-12 12:23:39',	'111',	NULL,	NULL,	NULL,	4358842),
('RIDLR',	1020540.00,	1008540.00,	0,	12000.00,	'Dev',	'2017-07-12 12:23:39',	'111',	NULL,	NULL,	NULL,	4358843),
('RIDLR',	1008540.00,	996540.00,	0,	12000.00,	'Dev',	'2017-07-12 12:23:40',	'111',	NULL,	NULL,	NULL,	4358844),
('RIDLR',	996540.00,	984540.00,	0,	12000.00,	'Dev',	'2017-07-12 12:23:40',	'111',	NULL,	NULL,	NULL,	4358845),
('RIDLR',	984540.00,	972540.00,	0,	12000.00,	'Dev',	'2017-07-12 12:23:40',	'111',	NULL,	NULL,	NULL,	4358846),
('RIDLR',	972540.00,	960540.00,	0,	12000.00,	'Dev',	'2017-07-12 12:23:40',	'111',	NULL,	NULL,	NULL,	4358847),
('RIDLR',	960540.00,	948540.00,	0,	12000.00,	'Dev',	'2017-07-12 12:23:41',	'111',	NULL,	NULL,	NULL,	4358848),
('RIDLR',	948540.00,	936540.00,	0,	12000.00,	'Dev',	'2017-07-12 12:23:47',	'111',	NULL,	NULL,	NULL,	4358849),
('RIDLR',	936540.00,	924540.00,	0,	12000.00,	'Dev',	'2017-07-12 12:23:47',	'111',	NULL,	NULL,	NULL,	4358850),
('RIDLR',	924540.00,	912540.00,	0,	12000.00,	'Dev',	'2017-07-12 12:23:47',	'111',	NULL,	NULL,	NULL,	4358851),
('RIDLR',	912540.00,	900540.00,	0,	12000.00,	'Dev',	'2017-07-12 12:23:47',	'111',	NULL,	NULL,	NULL,	4358852),
('RIDLR',	900540.00,	888540.00,	0,	12000.00,	'Dev',	'2017-07-12 12:23:48',	'111',	NULL,	NULL,	NULL,	4358853),
('RIDLR',	888540.00,	876540.00,	0,	12000.00,	'Dev',	'2017-07-12 12:23:48',	'111',	NULL,	NULL,	NULL,	4358854),
('RIDLR',	876540.00,	864540.00,	0,	12000.00,	'Dev',	'2017-07-12 12:23:48',	'111',	NULL,	NULL,	NULL,	4358855),
('RIDLR',	864540.00,	852540.00,	0,	12000.00,	'Dev',	'2017-07-12 12:23:48',	'111',	NULL,	NULL,	NULL,	4358856),
('RIDLR',	852540.00,	840540.00,	0,	12000.00,	'Dev',	'2017-07-12 12:23:48',	'111',	NULL,	NULL,	NULL,	4358857),
('RIDLR',	840540.00,	828540.00,	0,	12000.00,	'Dev',	'2017-07-12 12:23:49',	'111',	NULL,	NULL,	NULL,	4358858),
('RIDLR',	828540.00,	816540.00,	0,	12000.00,	'Dev',	'2017-07-12 12:23:49',	'111',	NULL,	NULL,	NULL,	4358859),
('RIDLR',	816540.00,	804540.00,	0,	12000.00,	'Dev',	'2017-07-12 12:23:49',	'111',	NULL,	NULL,	NULL,	4358860),
('RIDLR',	804540.00,	792540.00,	0,	12000.00,	'Dev',	'2017-07-12 12:23:49',	'111',	NULL,	NULL,	NULL,	4358861),
('RIDLR',	792540.00,	780540.00,	0,	12000.00,	'Dev',	'2017-07-12 12:23:49',	'111',	NULL,	NULL,	NULL,	4358862),
('RIDLR',	780540.00,	768540.00,	0,	12000.00,	'Dev',	'2017-07-12 12:23:50',	'111',	NULL,	NULL,	NULL,	4358863),
('RIDLR',	768540.00,	756540.00,	0,	12000.00,	'Dev',	'2017-07-12 12:23:50',	'111',	NULL,	NULL,	NULL,	4358864),
('RIDLR',	756540.00,	744540.00,	0,	12000.00,	'Dev',	'2017-07-12 12:23:50',	'111',	NULL,	NULL,	NULL,	4358865),
('RIDLR',	744540.00,	732540.00,	0,	12000.00,	'Dev',	'2017-07-12 12:23:51',	'111',	NULL,	NULL,	NULL,	4358866),
('RIDLR',	732540.00,	720540.00,	0,	12000.00,	'Dev',	'2017-07-12 12:23:51',	'111',	NULL,	NULL,	NULL,	4358867),
('RIDLR',	720540.00,	708540.00,	0,	12000.00,	'Dev',	'2017-07-12 12:23:51',	'111',	NULL,	NULL,	NULL,	4358868),
('RIDLR',	708540.00,	696540.00,	0,	12000.00,	'Dev',	'2017-07-12 12:23:52',	'111',	NULL,	NULL,	NULL,	4358869),
('RIDLR',	696540.00,	684540.00,	0,	12000.00,	'Dev',	'2017-07-12 12:23:52',	'111',	NULL,	NULL,	NULL,	4358870),
('RIDLR',	684540.00,	672540.00,	0,	12000.00,	'Dev',	'2017-07-12 12:23:55',	'111',	NULL,	NULL,	NULL,	4358871),
('RIDLR',	672540.00,	660540.00,	0,	12000.00,	'Dev',	'2017-07-12 12:23:55',	'111',	NULL,	NULL,	NULL,	4358872),
('RIDLR',	660540.00,	648540.00,	0,	12000.00,	'Dev',	'2017-07-12 12:23:55',	'111',	NULL,	NULL,	NULL,	4358873),
('RIDLR',	648540.00,	636540.00,	0,	12000.00,	'Dev',	'2017-07-12 12:24:01',	'111',	NULL,	NULL,	NULL,	4358874),
('RIDLR',	636540.00,	624540.00,	0,	12000.00,	'Dev',	'2017-07-12 12:24:02',	'111',	NULL,	NULL,	NULL,	4358875),
('RIDLR',	624540.00,	612540.00,	0,	12000.00,	'Dev',	'2017-07-12 12:24:02',	'111',	NULL,	NULL,	NULL,	4358876),
('RIDLR',	612540.00,	600540.00,	0,	12000.00,	'Dev',	'2017-07-12 12:24:03',	'111',	NULL,	NULL,	NULL,	4358877),
('RIDLR',	600540.00,	588540.00,	0,	12000.00,	'Dev',	'2017-07-12 12:24:03',	'111',	NULL,	NULL,	NULL,	4358878),
('RIDLR',	588540.00,	576540.00,	0,	12000.00,	'Dev',	'2017-07-12 12:24:03',	'111',	NULL,	NULL,	NULL,	4358879),
('RIDLR',	576540.00,	564540.00,	0,	12000.00,	'Dev',	'2017-07-12 12:24:04',	'111',	NULL,	NULL,	NULL,	4358880),
('RIDLR',	564540.00,	552540.00,	0,	12000.00,	'Dev',	'2017-07-12 12:24:04',	'111',	NULL,	NULL,	NULL,	4358881),
('RIDLR',	552540.00,	540540.00,	0,	12000.00,	'Dev',	'2017-07-12 12:24:05',	'111',	NULL,	NULL,	NULL,	4358882),
('RIDLR',	540540.00,	528540.00,	0,	12000.00,	'Dev',	'2017-07-12 12:24:05',	'111',	NULL,	NULL,	NULL,	4358883),
('RIDLR',	528540.00,	516540.00,	0,	12000.00,	'Dev',	'2017-07-12 12:24:06',	'111',	NULL,	NULL,	NULL,	4358884),
('RIDLR',	516540.00,	504540.00,	0,	12000.00,	'Dev',	'2017-07-12 12:24:08',	'111',	NULL,	NULL,	NULL,	4358885),
('RIDLR',	504540.00,	492540.00,	0,	12000.00,	'Dev',	'2017-07-12 12:24:09',	'111',	NULL,	NULL,	NULL,	4358886),
('RIDLR',	492540.00,	480540.00,	0,	12000.00,	'Dev',	'2017-07-12 12:24:09',	'111',	NULL,	NULL,	NULL,	4358887),
('RIDLR',	480540.00,	468540.00,	0,	12000.00,	'Dev',	'2017-07-12 12:24:09',	'111',	NULL,	NULL,	NULL,	4358888),
('RIDLR',	468540.00,	456540.00,	0,	12000.00,	'Dev',	'2017-07-12 12:24:10',	'111',	NULL,	NULL,	NULL,	4358889),
('RIDLR',	456540.00,	444540.00,	0,	12000.00,	'Dev',	'2017-07-12 12:24:10',	'111',	NULL,	NULL,	NULL,	4358890),
('RIDLR',	444540.00,	432540.00,	0,	12000.00,	'Dev',	'2017-07-12 12:24:10',	'111',	NULL,	NULL,	NULL,	4358891),
('RIDLR',	432540.00,	420540.00,	0,	12000.00,	'Dev',	'2017-07-12 12:24:10',	'111',	NULL,	NULL,	NULL,	4358892),
('RIDLR',	420540.00,	408540.00,	0,	12000.00,	'Dev',	'2017-07-12 12:24:11',	'111',	NULL,	NULL,	NULL,	4358893),
('RIDLR',	408540.00,	396540.00,	0,	12000.00,	'Dev',	'2017-07-12 12:24:11',	'111',	NULL,	NULL,	NULL,	4358894),
('RIDLR',	396540.00,	384540.00,	0,	12000.00,	'Dev',	'2017-07-12 12:24:12',	'111',	NULL,	NULL,	NULL,	4358895),
('RIDLR',	384540.00,	372540.00,	0,	12000.00,	'Dev',	'2017-07-12 12:24:12',	'111',	NULL,	NULL,	NULL,	4358896),
('RIDLR',	372540.00,	360540.00,	0,	12000.00,	'Dev',	'2017-07-12 12:24:12',	'111',	NULL,	NULL,	NULL,	4358897),
('RIDLR',	360540.00,	348540.00,	0,	12000.00,	'Dev',	'2017-07-12 12:24:13',	'111',	NULL,	NULL,	NULL,	4358898),
('RIDLR',	348540.00,	336540.00,	0,	12000.00,	'Dev',	'2017-07-12 12:24:13',	'111',	NULL,	NULL,	NULL,	4358899),
('RIDLR',	336540.00,	324540.00,	0,	12000.00,	'Dev',	'2017-07-12 12:24:13',	'111',	NULL,	NULL,	NULL,	4358900),
('RIDLR',	324540.00,	312540.00,	0,	12000.00,	'Dev',	'2017-07-12 12:24:13',	'111',	NULL,	NULL,	NULL,	4358901),
('RIDLR',	312540.00,	300540.00,	0,	12000.00,	'Dev',	'2017-07-12 12:24:14',	'111',	NULL,	NULL,	NULL,	4358902),
('RIDLR',	300540.00,	288540.00,	0,	12000.00,	'Dev',	'2017-07-12 12:24:14',	'111',	NULL,	NULL,	NULL,	4358903),
('RIDLR',	288540.00,	276540.00,	0,	12000.00,	'Dev',	'2017-07-12 12:24:14',	'111',	NULL,	NULL,	NULL,	4358904),
('RIDLR',	276540.00,	264540.00,	0,	12000.00,	'Dev',	'2017-07-12 12:24:14',	'111',	NULL,	NULL,	NULL,	4358905),
('RIDLR',	264540.00,	252540.00,	0,	12000.00,	'Dev',	'2017-07-12 12:24:14',	'111',	NULL,	NULL,	NULL,	4358906),
('RIDLR',	252540.00,	240540.00,	0,	12000.00,	'Dev',	'2017-07-12 12:24:15',	'111',	NULL,	NULL,	NULL,	4358907),
('RIDLR',	240540.00,	228540.00,	0,	12000.00,	'Dev',	'2017-07-12 12:24:15',	'111',	NULL,	NULL,	NULL,	4358908),
('RIDLR',	228540.00,	216540.00,	0,	12000.00,	'Dev',	'2017-07-12 12:24:15',	'111',	NULL,	NULL,	NULL,	4358909),
('RIDLR',	216540.00,	204540.00,	0,	12000.00,	'Dev',	'2017-07-12 12:24:16',	'111',	NULL,	NULL,	NULL,	4358910),
('RIDLR',	204540.00,	192540.00,	0,	12000.00,	'Dev',	'2017-07-12 12:24:16',	'111',	NULL,	NULL,	NULL,	4358911),
('RIDLR',	192540.00,	190540.00,	0,	2000.00,	'Dev',	'2017-07-12 12:26:01',	'111',	NULL,	NULL,	NULL,	4358912),
('RIDLR',	190540.00,	190560.00,	0,	-20.00,	'Dev',	'2017-07-12 12:34:43',	'111',	NULL,	NULL,	NULL,	4358913),
('RIDLR',	190560.00,	190020.00,	0,	540.00,	'Dev',	'2017-07-12 12:35:12',	'111',	NULL,	NULL,	NULL,	4358914),
('RIDLR',	190020.00,	190010.00,	0,	10.00,	'Dev',	'2017-07-13 10:22:44',	'111',	NULL,	NULL,	NULL,	4358915),
('RIDLR',	190010.00,	190005.00,	0,	5.00,	'Dev',	'2017-07-13 10:23:12',	'111',	NULL,	NULL,	NULL,	4358916),
('RIDLR',	190005.00,	190001.00,	0,	4.00,	'Dev',	'2017-07-13 10:23:28',	'111',	NULL,	NULL,	NULL,	4358917),
('RIDLR',	190001.00,	190001.00,	0,	0.00,	'Dev',	'2017-07-13 10:53:26',	'111',	NULL,	NULL,	NULL,	4358918),
('RIDLR',	190001.00,	190001.00,	0,	0.00,	'Dev',	'2017-07-13 10:53:37',	'111',	NULL,	NULL,	NULL,	4358919),
('RIDLR',	190100.00,	190080.00,	0,	20.00,	'Dev',	'2017-07-15 13:01:21',	'111',	NULL,	NULL,	NULL,	4358920),
('RIDLR',	190080.00,	190100.00,	0,	-20.00,	'Dev',	'2017-07-15 13:01:28',	'111',	NULL,	NULL,	NULL,	4358921),
('RIDLR',	190100.00,	190080.00,	0,	20.00,	'Dev',	'2017-07-15 13:01:51',	'111',	NULL,	NULL,	NULL,	4358922),
('RIDLR',	190080.00,	190060.00,	0,	20.00,	'Dev',	'2017-07-15 13:01:52',	'111',	NULL,	NULL,	NULL,	4358923),
('RIDLR',	190060.00,	190080.00,	0,	-20.00,	'Dev',	'2017-07-15 13:01:57',	'111',	NULL,	NULL,	NULL,	4358924),
('RIDLR',	190080.00,	190100.00,	0,	-20.00,	'Dev',	'2017-07-15 13:02:05',	'111',	NULL,	NULL,	NULL,	4358925),
('RIDLR',	190100.00,	190120.00,	0,	-20.00,	'Dev',	'2017-07-15 13:02:12',	'111',	NULL,	NULL,	NULL,	4358926),
('RIDLR',	190120.00,	190140.00,	0,	-20.00,	'Dev',	'2017-07-15 13:02:13',	'111',	NULL,	NULL,	NULL,	4358927),
('RIDLR',	190140.00,	190160.00,	0,	-20.00,	'Dev',	'2017-07-15 13:02:13',	'111',	NULL,	NULL,	NULL,	4358928),
('RIDLR',	190160.00,	190161.00,	0,	-1.00,	'Dev',	'2017-07-15 13:26:47',	'111',	NULL,	NULL,	NULL,	4358929),
('RIDLR',	190161.00,	190162.00,	0,	-1.00,	'Dev',	'2017-07-15 13:26:53',	'111',	NULL,	NULL,	NULL,	4358930),
('RIDLR',	190162.00,	190163.00,	0,	-1.00,	'Dev',	'2017-07-15 13:26:53',	'111',	NULL,	NULL,	NULL,	4358931),
('RIDLR',	190163.00,	190164.00,	0,	-1.00,	'Dev',	'2017-07-15 13:26:54',	'111',	NULL,	NULL,	NULL,	4358932),
('RIDLR',	190164.00,	190165.00,	0,	-1.00,	'Dev',	'2017-07-15 13:26:55',	'111',	NULL,	NULL,	NULL,	4358933),
('RIDLR',	190165.00,	190166.00,	0,	-1.00,	'Dev',	'2017-07-15 13:26:55',	'111',	NULL,	NULL,	NULL,	4358934),
('RIDLR',	190166.00,	190167.00,	0,	-1.00,	'Dev',	'2017-07-15 13:26:55',	'111',	NULL,	NULL,	NULL,	4358935),
('RIDLR',	190167.00,	190168.00,	0,	-1.00,	'Dev',	'2017-07-15 13:26:56',	'111',	NULL,	NULL,	NULL,	4358936),
('RIDLR',	190168.00,	190169.00,	0,	-1.00,	'Dev',	'2017-07-15 13:26:56',	'111',	NULL,	NULL,	NULL,	4358937),
('RIDLR',	190169.00,	190170.00,	0,	-1.00,	'Dev',	'2017-07-15 13:26:57',	'111',	NULL,	NULL,	NULL,	4358938),
('RIDLR',	190170.00,	190171.00,	0,	-1.00,	'Dev',	'2017-07-15 13:26:58',	'111',	NULL,	NULL,	NULL,	4358939),
('RIDLR',	190171.00,	190172.00,	0,	-1.00,	'Dev',	'2017-07-15 13:27:00',	'111',	NULL,	NULL,	NULL,	4358940),
('RIDLR',	190172.00,	190173.00,	0,	-1.00,	'Dev',	'2017-07-15 13:27:01',	'111',	NULL,	NULL,	NULL,	4358941),
('RIDLR',	190173.00,	190174.00,	0,	-1.00,	'Dev',	'2017-07-15 13:27:03',	'111',	NULL,	NULL,	NULL,	4358942),
('RIDLR',	190174.00,	190174.00,	0,	-1.00,	'Test',	'2017-07-15 13:27:11',	'111',	NULL,	NULL,	NULL,	4358943),
('RIDLR',	190174.00,	190174.00,	0,	-1.00,	'Test',	'2017-07-15 13:27:12',	'111',	NULL,	NULL,	NULL,	4358944),
('RIDLR',	190174.00,	190175.00,	0,	-1.00,	'Dev',	'2017-07-15 13:29:32',	'111',	NULL,	NULL,	NULL,	4358945),
('RIDLR',	190175.00,	190175.00,	0,	-20.00,	'DEV',	'2017-07-17 10:09:44',	'111',	NULL,	NULL,	NULL,	4358946),
('RIDLR',	190175.00,	190065.00,	0,	110.00,	'PRO',	'2017-07-17 10:12:16',	'111',	NULL,	NULL,	NULL,	4358947),
('RIDLR',	190065.00,	190000.00,	0,	65.00,	'PRO',	'2017-07-17 10:12:34',	'111',	NULL,	NULL,	NULL,	4358948),
('RIDLR',	190000.00,	190100.00,	0,	-100.00,	'PRO',	'2017-07-17 10:15:32',	'111',	NULL,	NULL,	NULL,	4358949),
('RIDLR',	190100.00,	190050.00,	0,	50.00,	'PRO',	'2017-07-17 10:27:10',	'111',	NULL,	NULL,	NULL,	4358950),
('RIDLR',	190050.00,	190000.00,	0,	50.00,	'PRO',	'2017-07-17 10:44:56',	'111',	NULL,	NULL,	NULL,	4358951),
('RIDLR',	190100.00,	190090.00,	0,	10.00,	'PRO',	'2017-07-17 11:00:55',	'111',	NULL,	NULL,	NULL,	4358952),
('RIDLR',	190090.00,	190080.00,	0,	10.00,	'PRO',	'2017-07-17 11:00:57',	'111',	NULL,	NULL,	NULL,	4358953),
('RIDLR',	190080.00,	190000.00,	0,	80.00,	'PRO',	'2017-07-17 11:01:09',	'111',	NULL,	NULL,	NULL,	4358954),
('RIDLR',	190100.00,	190080.00,	0,	20.00,	'PRO',	'2017-07-17 11:06:07',	'111',	NULL,	NULL,	NULL,	4358955),
('RIDLR',	190080.00,	190000.00,	0,	80.00,	'PRO',	'2017-07-17 11:06:16',	'111',	NULL,	NULL,	NULL,	4358956),
('RIDLR',	190100.00,	190090.00,	0,	10.00,	'PRO',	'2017-07-17 11:30:11',	'111',	NULL,	NULL,	NULL,	4358957),
('RIDLR',	190090.00,	190000.00,	0,	90.00,	'PRO',	'2017-07-17 11:30:32',	'111',	NULL,	NULL,	NULL,	4358958),
('RIDLR',	190100.00,	190010.00,	0,	90.00,	'PRO',	'2017-07-17 11:31:43',	'111',	NULL,	NULL,	NULL,	4358959),
('RIDLR',	190010.00,	190000.00,	0,	10.00,	'PRO',	'2017-07-17 11:31:48',	'111',	NULL,	NULL,	NULL,	4358960),
('RIDLR',	190100.00,	190090.00,	0,	10.00,	'PRO',	'2017-07-17 11:33:54',	'111',	NULL,	NULL,	NULL,	4358961),
('RIDLR',	190090.00,	190000.00,	0,	90.00,	'PRO',	'2017-07-17 11:34:34',	'111',	NULL,	NULL,	NULL,	4358962),
('RIDLR',	190100.00,	190090.00,	0,	10.00,	'PRO',	'2017-07-17 12:47:05',	'111',	NULL,	NULL,	NULL,	4358963),
('RIDLR',	190090.00,	190000.00,	0,	90.00,	'PRO',	'2017-07-17 12:47:20',	'111',	NULL,	NULL,	NULL,	4358964),
('RIDLR',	190100.00,	190100.00,	0,	20.00,	'DEV',	'2017-07-18 04:27:50',	'111',	NULL,	NULL,	NULL,	4358965),
('RIDLR',	190100.00,	190080.00,	0,	20.00,	'PRO',	'2017-07-18 04:27:59',	'111',	NULL,	NULL,	NULL,	4358966),
('RIDLR',	190080.00,	190000.00,	0,	80.00,	'PRO',	'2017-07-18 04:28:25',	'111',	NULL,	NULL,	NULL,	4358967),
('RIDLR',	200000.00,	199980.00,	0,	20.00,	'PRO',	'2017-07-18 06:28:09',	'111',	NULL,	NULL,	NULL,	4358968),
('RIDLR',	199980.00,	199980.00,	0,	20.00,	'DEV',	'2017-07-18 06:29:24',	'111',	NULL,	NULL,	NULL,	4358969),
('RIDLR',	199980.00,	199980.00,	0,	20.00,	'DEV',	'2017-07-18 06:31:15',	'111',	NULL,	NULL,	NULL,	4358970),
('RIDLR',	199980.00,	199960.00,	0,	20.00,	'PRO',	'2017-07-18 06:31:32',	'111',	NULL,	NULL,	NULL,	4358971),
('RIDLR',	199960.00,	199960.00,	0,	20.00,	'DEV',	'2017-07-18 06:36:55',	'111',	NULL,	NULL,	NULL,	4358972),
('RIDLR',	199960.00,	199940.00,	0,	20.00,	'PRO',	'2017-07-18 06:37:22',	'111',	NULL,	NULL,	NULL,	4358973),
('RIDLR',	199940.00,	199440.00,	0,	500.00,	'PRO',	'2017-07-18 06:37:44',	'111',	NULL,	NULL,	NULL,	4358974),
('RIDLR',	199440.00,	199390.00,	0,	50.00,	'PRO',	'2017-07-18 06:39:40',	'111',	NULL,	NULL,	NULL,	4358975),
('RIDLR',	199390.00,	199340.00,	0,	50.00,	'PRO',	'2017-07-18 06:40:48',	'111',	NULL,	NULL,	NULL,	4358976),
('RIDLR',	199340.00,	199340.00,	0,	50.00,	'DEV',	'2017-07-18 07:31:58',	'111',	NULL,	NULL,	NULL,	4358977),
('RIDLR',	199340.00,	199340.00,	0,	1000.00,	'DEV',	'2017-07-18 07:33:06',	'111',	NULL,	NULL,	NULL,	4358978),
('RIDLR',	199340.00,	199340.00,	0,	1000.00,	'DEV',	'2017-07-18 07:34:42',	'111',	NULL,	NULL,	NULL,	4358979),
('RIDLR',	199340.00,	198340.00,	0,	1000.00,	'PRO',	'2017-07-18 07:35:33',	'111',	NULL,	NULL,	NULL,	4358980),
('RIDLR',	198340.00,	197340.00,	0,	1000.00,	'PRO',	'2017-07-18 07:36:35',	'111',	NULL,	NULL,	NULL,	4358981),
('RIDLR',	197340.00,	196340.00,	0,	1000.00,	'PRO',	'2017-07-18 07:36:36',	'111',	NULL,	NULL,	NULL,	4358982),
('RIDLR',	196340.00,	195340.00,	0,	1000.00,	'PRO',	'2017-07-18 07:36:37',	'111',	NULL,	NULL,	NULL,	4358983),
('RIDLR',	195340.00,	194340.00,	0,	1000.00,	'PRO',	'2017-07-18 07:36:39',	'111',	NULL,	NULL,	NULL,	4358984),
('RIDLR',	194340.00,	193340.00,	0,	1000.00,	'PRO',	'2017-07-18 07:36:39',	'111',	NULL,	NULL,	NULL,	4358985),
('RIDLR',	193340.00,	192340.00,	0,	1000.00,	'PRO',	'2017-07-18 07:36:40',	'111',	NULL,	NULL,	NULL,	4358986),
('RIDLR',	192340.00,	191340.00,	0,	1000.00,	'PRO',	'2017-07-18 07:36:40',	'111',	NULL,	NULL,	NULL,	4358987),
('RIDLR',	191340.00,	190340.00,	0,	1000.00,	'PRO',	'2017-07-18 07:36:42',	'111',	NULL,	NULL,	NULL,	4358988),
('RIDLR',	190340.00,	190000.00,	0,	340.00,	'PRO',	'2017-07-18 08:00:08',	'111',	NULL,	NULL,	NULL,	4358989),
('RIDLR',	200000.00,	199980.00,	0,	20.00,	'PRO',	'2017-07-18 08:04:18',	'111',	NULL,	NULL,	NULL,	4358990),
('RIDLR',	199980.00,	199950.00,	0,	30.00,	'PRO',	'2017-07-18 09:00:00',	'111',	NULL,	NULL,	NULL,	4358991),
('RIDLR',	199950.00,	198950.00,	0,	1000.00,	'PRO',	'2017-07-18 09:00:12',	'111',	NULL,	NULL,	NULL,	4358992),
('RIDLR',	198950.00,	197950.00,	0,	1000.00,	'PRO',	'2017-07-18 09:00:12',	'111',	NULL,	NULL,	NULL,	4358993),
('RIDLR',	197950.00,	196950.00,	0,	1000.00,	'PRO',	'2017-07-18 09:00:15',	'111',	NULL,	NULL,	NULL,	4358994),
('RIDLR',	196950.00,	195950.00,	0,	1000.00,	'PRO',	'2017-07-18 09:00:15',	'111',	NULL,	NULL,	NULL,	4358995),
('RIDLR',	195950.00,	194950.00,	0,	1000.00,	'PRO',	'2017-07-18 09:00:16',	'111',	NULL,	NULL,	NULL,	4358996),
('RIDLR',	194950.00,	193950.00,	0,	1000.00,	'PRO',	'2017-07-18 09:00:16',	'111',	NULL,	NULL,	NULL,	4358997),
('RIDLR',	193950.00,	192950.00,	0,	1000.00,	'PRO',	'2017-07-18 09:00:16',	'111',	NULL,	NULL,	NULL,	4358998),
('RIDLR',	192950.00,	191950.00,	0,	1000.00,	'PRO',	'2017-07-18 09:00:16',	'111',	NULL,	NULL,	NULL,	4358999),
('RIDLR',	191950.00,	190950.00,	0,	1000.00,	'PRO',	'2017-07-18 09:00:17',	'111',	NULL,	NULL,	NULL,	4359000),
('RIDLR',	190950.00,	190900.00,	0,	50.00,	'PRO',	'2017-07-18 09:43:39',	'111',	NULL,	NULL,	NULL,	4359001),
('RIDLR',	190900.00,	190400.00,	0,	500.00,	'PRO',	'2017-07-18 09:43:47',	'111',	NULL,	NULL,	NULL,	4359002),
('RIDLR',	190400.00,	190000.00,	0,	400.00,	'PRO',	'2017-07-18 09:51:02',	'111',	NULL,	NULL,	NULL,	4359003),
('RIDLR',	200000.00,	199990.00,	0,	10.00,	'PRO',	'2017-07-18 09:57:52',	'111',	NULL,	NULL,	NULL,	4359004),
('RIDLR',	199990.00,	199980.00,	0,	10.00,	'PRO',	'2017-07-18 09:58:32',	'111',	NULL,	NULL,	NULL,	4359005),
('RIDLR',	199980.00,	199980.00,	0,	10.00,	'DEV',	'2017-07-18 09:59:15',	'111',	NULL,	NULL,	NULL,	4359006),
('RIDLR',	199980.00,	198980.00,	0,	1000.00,	'PRO',	'2017-07-18 11:00:31',	'111',	NULL,	NULL,	NULL,	4359007),
('RIDLR',	198980.00,	197980.00,	0,	1000.00,	'PRO',	'2017-07-18 11:00:34',	'111',	NULL,	NULL,	NULL,	4359008),
('RIDLR',	197980.00,	196980.00,	0,	1000.00,	'PRO',	'2017-07-18 11:00:35',	'111',	NULL,	NULL,	NULL,	4359009),
('RIDLR',	196980.00,	195980.00,	0,	1000.00,	'PRO',	'2017-07-18 11:00:35',	'111',	NULL,	NULL,	NULL,	4359010),
('RIDLR',	195980.00,	194980.00,	0,	1000.00,	'PRO',	'2017-07-18 11:00:36',	'111',	NULL,	NULL,	NULL,	4359011),
('RIDLR',	194980.00,	193980.00,	0,	1000.00,	'PRO',	'2017-07-18 11:00:36',	'111',	NULL,	NULL,	NULL,	4359012),
('RIDLR',	193980.00,	192980.00,	0,	1000.00,	'PRO',	'2017-07-18 11:00:36',	'111',	NULL,	NULL,	NULL,	4359013),
('RIDLR',	192980.00,	191980.00,	0,	1000.00,	'PRO',	'2017-07-18 11:00:37',	'111',	NULL,	NULL,	NULL,	4359014),
('RIDLR',	191980.00,	190980.00,	0,	1000.00,	'PRO',	'2017-07-18 11:00:39',	'111',	NULL,	NULL,	NULL,	4359015),
('RIDLR',	190980.00,	190000.00,	0,	980.00,	'PRO',	'2017-07-18 11:02:32',	'111',	NULL,	NULL,	NULL,	4359016),
('RIDLR',	190100.00,	190090.00,	0,	10.00,	'PRO',	'2017-07-18 11:21:38',	'111',	NULL,	NULL,	NULL,	4359017),
('RIDLR',	190090.00,	190080.00,	0,	10.00,	'PRO',	'2017-07-18 11:17:39',	'111',	NULL,	NULL,	NULL,	4359018),
('RIDLR',	190080.00,	190070.00,	0,	10.00,	'PRO',	'2017-07-18 11:20:22',	'111',	NULL,	NULL,	NULL,	4359019),
('RIDLR',	190070.00,	190000.00,	0,	70.00,	'PRO',	'2017-07-18 11:20:49',	'111',	NULL,	NULL,	NULL,	4359020),
('RIDLR',	1000000.00,	999990.00,	0,	10.00,	'PRO',	'2017-07-19 05:15:49',	'111',	NULL,	NULL,	NULL,	4359021),
('RIDLR',	1000000.00,	999020.00,	0,	980.00,	'PRO',	'2017-07-19 06:15:35',	'111',	NULL,	NULL,	NULL,	4359022),
('RIDLR',	999020.00,	998040.00,	0,	980.00,	'PRO',	'2017-07-19 06:15:41',	'111',	NULL,	NULL,	NULL,	4359023),
('RIDLR',	998040.00,	998040.00,	0,	980.00,	'DEV',	'2017-07-19 06:23:13',	'111',	NULL,	NULL,	NULL,	4359024),
('RIDLR',	998040.00,	998040.00,	0,	980.00,	'DEV',	'2017-07-19 07:02:41',	'111',	NULL,	NULL,	NULL,	4359025),
('RIDLR',	998040.00,	997060.00,	0,	980.00,	'PRO',	'2017-07-19 07:23:38',	'111',	NULL,	NULL,	NULL,	4359026),
('RIDLR',	997060.00,	997000.00,	0,	60.00,	'PRO',	'2017-07-19 07:29:06',	'111',	NULL,	NULL,	NULL,	4359027),
('RIDLR',	997000.00,	900000.00,	0,	97000.00,	'PRO',	'2017-07-19 07:38:05',	'111',	NULL,	NULL,	NULL,	4359028),
('RIDLR',	900000.00,	803000.00,	0,	97000.00,	'PRO',	'2017-07-19 07:38:15',	'111',	NULL,	NULL,	NULL,	4359029),
('RIDLR',	803000.00,	802000.00,	0,	1000.00,	'PRO',	'2017-07-19 07:42:37',	'111',	NULL,	NULL,	NULL,	4359030),
('RIDLR',	802000.00,	801000.00,	0,	1000.00,	'PRO',	'2017-07-19 07:42:39',	'111',	NULL,	NULL,	NULL,	4359031),
('RIDLR',	801000.00,	800000.00,	0,	1000.00,	'PRO',	'2017-07-19 07:42:39',	'111',	NULL,	NULL,	NULL,	4359032),
('RIDLR',	800000.00,	799000.00,	0,	1000.00,	'PRO',	'2017-07-19 07:42:40',	'111',	NULL,	NULL,	NULL,	4359033),
('RIDLR',	799000.00,	798000.00,	0,	1000.00,	'PRO',	'2017-07-19 07:42:40',	'111',	NULL,	NULL,	NULL,	4359034),
('RIDLR',	798000.00,	797000.00,	0,	1000.00,	'PRO',	'2017-07-19 07:42:41',	'111',	NULL,	NULL,	NULL,	4359035),
('RIDLR',	797000.00,	796000.00,	0,	1000.00,	'PRO',	'2017-07-19 07:43:46',	'111',	NULL,	NULL,	NULL,	4359036),
('RIDLR',	796000.00,	795000.00,	0,	1000.00,	'PRO',	'2017-07-19 07:43:48',	'111',	NULL,	NULL,	NULL,	4359037),
('RIDLR',	795000.00,	794000.00,	0,	1000.00,	'PRO',	'2017-07-19 07:43:49',	'111',	NULL,	NULL,	NULL,	4359038),
('RIDLR',	794000.00,	793000.00,	0,	1000.00,	'PRO',	'2017-07-19 07:43:51',	'111',	NULL,	NULL,	NULL,	4359039),
('RIDLR',	793000.00,	792000.00,	0,	1000.00,	'PRO',	'2017-07-19 07:43:51',	'111',	NULL,	NULL,	NULL,	4359040),
('RIDLR',	792000.00,	791000.00,	0,	1000.00,	'PRO',	'2017-07-19 07:43:52',	'111',	NULL,	NULL,	NULL,	4359041),
('RIDLR',	791000.00,	790000.00,	0,	1000.00,	'PRO',	'2017-07-19 07:43:52',	'111',	NULL,	NULL,	NULL,	4359042),
('RIDLR',	790000.00,	789000.00,	0,	1000.00,	'PRO',	'2017-07-19 07:43:53',	'111',	NULL,	NULL,	NULL,	4359043),
('RIDLR',	789000.00,	788000.00,	0,	1000.00,	'PRO',	'2017-07-19 07:43:53',	'111',	NULL,	NULL,	NULL,	4359044),
('RIDLR',	788000.00,	787000.00,	0,	1000.00,	'PRO',	'2017-07-19 07:43:54',	'111',	NULL,	NULL,	NULL,	4359045),
('RIDLR',	787000.00,	786000.00,	0,	1000.00,	'PRO',	'2017-07-19 07:44:18',	'111',	NULL,	NULL,	NULL,	4359046),
('RIDLR',	786000.00,	785000.00,	0,	1000.00,	'PRO',	'2017-07-19 07:44:18',	'111',	NULL,	NULL,	NULL,	4359047),
('RIDLR',	785000.00,	775000.00,	0,	10000.00,	'PRO',	'2017-07-19 07:44:26',	'111',	NULL,	NULL,	NULL,	4359048),
('RIDLR',	775000.00,	765000.00,	0,	10000.00,	'PRO',	'2017-07-19 07:44:31',	'111',	NULL,	NULL,	NULL,	4359049),
('RIDLR',	765000.00,	755000.00,	0,	10000.00,	'PRO',	'2017-07-19 07:44:40',	'111',	NULL,	NULL,	NULL,	4359050),
('RIDLR',	755000.00,	655000.00,	0,	100000.00,	'PRO',	'2017-07-19 07:45:56',	'111',	NULL,	NULL,	NULL,	4359051),
('RIDLR',	655000.00,	555000.00,	0,	100000.00,	'PRO',	'2017-07-19 07:45:57',	'111',	NULL,	NULL,	NULL,	4359052),
('RIDLR',	555000.00,	455000.00,	0,	100000.00,	'PRO',	'2017-07-19 07:45:58',	'111',	NULL,	NULL,	NULL,	4359053),
('RIDLR',	455000.00,	355000.00,	0,	100000.00,	'PRO',	'2017-07-19 07:45:58',	'111',	NULL,	NULL,	NULL,	4359054),
('RIDLR',	355000.00,	255000.00,	0,	100000.00,	'PRO',	'2017-07-19 07:45:59',	'111',	NULL,	NULL,	NULL,	4359055),
('RIDLR',	255000.00,	200000.00,	0,	55000.00,	'PRO',	'2017-07-19 07:46:19',	'111',	NULL,	NULL,	NULL,	4359056),
('RIDLR',	200000.00,	195000.00,	0,	5000.00,	'PRO',	'2017-07-19 07:49:45',	'111',	NULL,	NULL,	NULL,	4359057),
('RIDLR',	195000.00,	194500.00,	0,	500.00,	'PRO',	'2017-07-19 07:49:55',	'111',	NULL,	NULL,	NULL,	4359058),
('RIDLR',	194500.00,	190000.00,	0,	4500.00,	'PRO',	'2017-07-19 07:51:23',	'111',	NULL,	NULL,	NULL,	4359059),
('RIDLR',	1000000.00,	999990.00,	0,	10.00,	'PRO',	'2017-07-24 13:09:50',	'111',	NULL,	NULL,	NULL,	4359060),
('RIDLR',	1000000.00,	999990.00,	0,	10.00,	'PRO',	'2017-07-31 10:50:57',	'111',	NULL,	NULL,	NULL,	4359061),
('RIDLR',	999990.00,	999980.00,	0,	10.00,	'PRO',	'2017-08-01 04:32:37',	'111',	NULL,	NULL,	NULL,	4359062),
('RIDLR',	999980.00,	999970.00,	0,	10.00,	'PRO',	'2017-08-01 06:11:09',	'111',	NULL,	NULL,	NULL,	4359063),
('RIDLR',	999970.00,	999769.00,	0,	201.00,	'PRO',	'2017-08-01 06:11:09',	'111',	NULL,	NULL,	NULL,	4359064),
('RIDLR',	999769.00,	999568.00,	0,	201.00,	'PRO',	'2017-08-01 06:11:33',	'12345678901234567',	NULL,	NULL,	NULL,	4359065),
('RIDLR',	999568.00,	999367.00,	0,	201.00,	'PRO',	'2017-08-01 06:11:44',	'123456789012345678',	NULL,	NULL,	NULL,	4359066),
('RIDLR',	999367.00,	999166.00,	0,	201.00,	'PRO',	'2017-08-01 06:13:17',	'12345678901234567',	NULL,	NULL,	NULL,	4359067),
('RIDLR',	999166.00,	998965.00,	0,	201.00,	'PRO',	'2017-08-01 06:13:23',	'123456789012345678',	NULL,	NULL,	NULL,	4359068),
('RIDLR',	998965.00,	998764.00,	0,	201.00,	'PRO',	'2017-08-01 06:13:27',	'1234567890123456789',	NULL,	NULL,	NULL,	4359069),
('RIDLR',	998764.00,	998754.00,	0,	10.00,	'PRO',	'2017-08-01 07:46:35',	'111',	NULL,	NULL,	NULL,	4359070),
('RIDLR',	998754.00,	998744.00,	0,	10.00,	'PRO',	'2017-08-01 08:50:11',	'111P',	NULL,	NULL,	NULL,	4359071),
('RIDLR',	998744.00,	998734.00,	0,	10.00,	'PRO',	'2017-08-01 08:50:50',	'111P',	NULL,	NULL,	NULL,	4359072),
('RIDLR',	998734.00,	998724.00,	0,	10.00,	'PRO',	'2017-08-01 08:51:36',	'113P',	NULL,	NULL,	NULL,	4359073),
('RIDLR',	998724.00,	998714.00,	0,	10.00,	'PRO',	'2017-08-01 08:52:15',	'113P',	NULL,	NULL,	NULL,	4359074),
('RIDLR',	998714.00,	998704.00,	0,	10.00,	'PRO',	'2017-08-01 08:54:31',	'113P',	NULL,	NULL,	NULL,	4359075),
('RIDLR',	998704.00,	998694.00,	0,	10.00,	'PRO',	'2017-08-01 08:55:01',	'113P',	NULL,	NULL,	NULL,	4359076),
('RIDLR',	998694.00,	998684.00,	0,	10.00,	'PRO',	'2017-08-01 08:56:23',	'111P',	NULL,	NULL,	NULL,	4359077),
('RIDLR',	998684.00,	998674.00,	0,	10.00,	'PRO',	'2017-08-01 08:56:28',	'111P',	NULL,	NULL,	NULL,	4359078),
('RIDLR',	998674.00,	998590.00,	0,	84.00,	'PRO',	'2017-08-01 09:33:30',	'j5tbgjx0000000hn',	NULL,	NULL,	NULL,	4359079),
('RIDLR',	998590.00,	998506.00,	0,	84.00,	'PRO',	'2017-08-01 09:59:55',	'j5tep6qy000000hn',	NULL,	NULL,	NULL,	4359080),
('RIDLR',	998606.00,	998405.00,	0,	201.00,	'PRO',	'2017-08-01 10:26:31',	'j5s81vpy000000ig',	NULL,	NULL,	NULL,	4359081),
('RIDLR',	998405.00,	998321.00,	0,	84.00,	'PRO',	'2017-08-01 10:47:34',	'j5tgjysg000000hn',	NULL,	NULL,	NULL,	4359082),
('RIDLR',	1098320.00,	1098236.00,	0,	84.00,	'PRO',	'2017-08-01 13:25:32',	'j5tm80g3000000hn',	NULL,	NULL,	NULL,	4359083),
('RIDLR',	1098240.00,	1098072.00,	0,	168.00,	'PRO',	'2017-08-01 13:32:24',	'j5tmb344000000hn',	NULL,	NULL,	NULL,	4359084),
('RIDLR',	1098080.00,	1098070.00,	0,	10.00,	'PRO',	'2017-08-01 13:47:34',	'113P',	NULL,	NULL,	NULL,	4359085),
('RIDLR',	1098070.00,	1097902.00,	0,	168.00,	'PRO',	'2017-08-01 13:48:01',	'113P',	NULL,	NULL,	NULL,	4359086),
('RIDLR',	1097900.00,	1097898.00,	0,	2.00,	'PRO',	'2017-08-01 13:49:06',	'113P',	NULL,	NULL,	NULL,	4359087),
('RIDLR',	1097900.00,	1097898.00,	0,	2.00,	'PRO',	'2017-08-01 13:50:39',	'113P',	NULL,	NULL,	NULL,	4359088),
('RIDLR',	1097900.00,	1097898.00,	0,	2.00,	'PRO',	'2017-08-01 13:50:42',	'113P',	NULL,	NULL,	NULL,	4359089),
('RIDLR',	1097900.00,	1097898.00,	0,	2.00,	'PRO',	'2017-08-01 13:50:43',	'113P',	NULL,	NULL,	NULL,	4359090),
('RIDLR',	1097900.00,	1097898.00,	0,	2.00,	'PRO',	'2017-08-01 13:50:43',	'113P',	NULL,	NULL,	NULL,	4359091),
('RIDLR',	1097900.00,	1097898.00,	0,	2.00,	'PRO',	'2017-08-01 13:50:44',	'113P',	NULL,	NULL,	NULL,	4359092),
('RIDLR',	1097900.00,	1097898.00,	0,	2.00,	'PRO',	'2017-08-01 13:50:44',	'113P',	NULL,	NULL,	NULL,	4359093),
('RIDLR',	1097900.00,	1097898.00,	0,	2.00,	'PRO',	'2017-08-01 13:50:45',	'113P',	NULL,	NULL,	NULL,	4359094),
('RIDLR',	1097900.00,	1097898.00,	0,	2.00,	'PRO',	'2017-08-01 13:50:45',	'113P',	NULL,	NULL,	NULL,	4359095),
('RIDLR',	1097900.00,	1097898.00,	0,	2.00,	'PRO',	'2017-08-01 13:50:46',	'113P',	NULL,	NULL,	NULL,	4359096),
('RIDLR',	1097900.00,	1097898.00,	0,	2.00,	'PRO',	'2017-08-01 13:50:46',	'113P',	NULL,	NULL,	NULL,	4359097),
('RIDLR',	1097900.00,	1097898.00,	0,	2.00,	'PRO',	'2017-08-01 13:50:47',	'113P',	NULL,	NULL,	NULL,	4359098),
('RIDLR',	1097900.00,	1097898.00,	0,	2.00,	'PRO',	'2017-08-01 13:50:48',	'113P',	NULL,	NULL,	NULL,	4359099),
('RIDLR',	1097900.00,	1097898.00,	0,	2.00,	'PRO',	'2017-08-01 13:50:48',	'113P',	NULL,	NULL,	NULL,	4359100),
('RIDLR',	1097900.00,	1097898.00,	0,	2.00,	'PRO',	'2017-08-01 13:50:49',	'113P',	NULL,	NULL,	NULL,	4359101),
('RIDLR',	1097900.00,	1097898.00,	0,	2.00,	'PRO',	'2017-08-01 13:50:49',	'113P',	NULL,	NULL,	NULL,	4359102),
('RIDLR',	1097900.00,	1097898.00,	0,	2.00,	'PRO',	'2017-08-01 13:50:52',	'113P',	NULL,	NULL,	NULL,	4359103),
('RIDLR',	1097900.00,	1097898.00,	0,	2.00,	'PRO',	'2017-08-01 13:50:53',	'113P',	NULL,	NULL,	NULL,	4359104),
('RIDLR',	1097900.00,	1097890.00,	0,	10.00,	'PRO',	'2017-08-01 13:51:02',	'113P',	NULL,	NULL,	NULL,	4359105),
('RIDLR',	1097890.00,	1097880.00,	0,	10.00,	'PRO',	'2017-08-01 13:51:06',	'113P',	NULL,	NULL,	NULL,	4359106),
('RIDLR',	1097880.00,	1097870.00,	0,	10.00,	'PRO',	'2017-08-01 13:51:10',	'113P',	NULL,	NULL,	NULL,	4359107),
('RIDLR',	1097870.00,	1097860.00,	0,	10.00,	'PRO',	'2017-08-01 13:51:12',	'113P',	NULL,	NULL,	NULL,	4359108),
('RIDLR',	1097860.00,	1097850.00,	0,	10.00,	'PRO',	'2017-08-01 13:51:14',	'113P',	NULL,	NULL,	NULL,	4359109),
('RIDLR',	1097850.00,	1097840.00,	0,	10.00,	'PRO',	'2017-08-01 13:51:15',	'113P',	NULL,	NULL,	NULL,	4359110),
('RIDLR',	1097840.00,	1097838.00,	0,	2.00,	'PRO',	'2017-08-01 13:52:20',	'113P',	NULL,	NULL,	NULL,	4359111),
('RIDLR',	1097840.00,	1097830.00,	0,	10.00,	'PRO',	'2017-08-01 15:59:04',	'111',	NULL,	NULL,	NULL,	4359112),
('RIDLR',	1097830.00,	1097820.00,	0,	10.00,	'PRO',	'2017-08-01 15:59:13',	'111',	NULL,	NULL,	NULL,	4359113),
('RIDLR',	1097820.00,	1097818.00,	0,	2.00,	'PRO',	'2017-08-01 15:59:22',	'111',	NULL,	NULL,	NULL,	4359114),
('RIDLR',	1097820.00,	1097818.00,	0,	2.00,	'PRO',	'2017-08-01 15:59:23',	'111',	NULL,	NULL,	NULL,	4359115),
('RIDLR',	1097820.00,	1097818.00,	0,	2.00,	'PRO',	'2017-08-01 15:59:24',	'111',	NULL,	NULL,	NULL,	4359116),
('RIDLR',	1097820.00,	1097818.00,	0,	2.00,	'PRO',	'2017-08-01 15:59:24',	'111',	NULL,	NULL,	NULL,	4359117),
('RIDLR',	1097820.00,	1097818.00,	0,	2.00,	'PRO',	'2017-08-01 15:59:25',	'111',	NULL,	NULL,	NULL,	4359118),
('RIDLR',	1097820.00,	1097818.00,	0,	2.00,	'PRO',	'2017-08-01 15:59:26',	'111',	NULL,	NULL,	NULL,	4359119),
('RIDLR',	1097820.00,	1097818.00,	0,	2.00,	'PRO',	'2017-08-01 15:59:27',	'111',	NULL,	NULL,	NULL,	4359120),
('RIDLR',	1097820.00,	1097818.00,	0,	2.00,	'PRO',	'2017-08-01 15:59:28',	'111',	NULL,	NULL,	NULL,	4359121),
('RIDLR',	1097820.00,	1097818.00,	0,	2.00,	'PRO',	'2017-08-01 15:59:29',	'111',	NULL,	NULL,	NULL,	4359122),
('RIDLR',	1097820.00,	1097818.00,	0,	2.00,	'PRO',	'2017-08-01 15:59:29',	'111',	NULL,	NULL,	NULL,	4359123),
('RIDLR',	1097820.00,	1097818.00,	0,	2.00,	'PRO',	'2017-08-01 15:59:30',	'111',	NULL,	NULL,	NULL,	4359124),
('RIDLR',	1097820.00,	1097818.00,	0,	2.00,	'PRO',	'2017-08-01 15:59:32',	'111',	NULL,	NULL,	NULL,	4359125),
('RIDLR',	1097820.00,	1097818.00,	0,	2.00,	'PRO',	'2017-08-01 15:59:33',	'111',	NULL,	NULL,	NULL,	4359126),
('RIDLR',	1097820.00,	1097818.00,	0,	2.00,	'PRO',	'2017-08-01 15:59:34',	'111',	NULL,	NULL,	NULL,	4359127),
('RIDLR',	1097820.00,	1097818.00,	0,	2.00,	'PRO',	'2017-08-01 15:59:34',	'111',	NULL,	NULL,	NULL,	4359128),
('RIDLR',	1097820.00,	1097818.00,	0,	2.00,	'PRO',	'2017-08-01 15:59:35',	'111',	NULL,	NULL,	NULL,	4359129),
('RIDLR',	1097820.00,	1097818.00,	0,	2.00,	'PRO',	'2017-08-01 15:59:35',	'111',	NULL,	NULL,	NULL,	4359130),
('RIDLR',	1097820.00,	1097818.00,	0,	2.00,	'PRO',	'2017-08-01 15:59:36',	'111',	NULL,	NULL,	NULL,	4359131),
('RIDLR',	1097820.00,	1097818.00,	0,	2.00,	'PRO',	'2017-08-01 15:59:37',	'111',	NULL,	NULL,	NULL,	4359132),
('RIDLR',	1097820.00,	1097818.00,	0,	2.00,	'PRO',	'2017-08-01 15:59:37',	'111',	NULL,	NULL,	NULL,	4359133),
('RIDLR',	1097820.00,	1097818.00,	0,	2.00,	'PRO',	'2017-08-01 15:59:39',	'111',	NULL,	NULL,	NULL,	4359134),
('RIDLR',	1097820.00,	1097818.00,	0,	2.00,	'PRO',	'2017-08-01 15:59:39',	'111',	NULL,	NULL,	NULL,	4359135),
('RIDLR',	1097820.00,	1097818.00,	0,	2.00,	'PRO',	'2017-08-01 15:59:41',	'111',	NULL,	NULL,	NULL,	4359136),
('RIDLR',	1097820.00,	1097818.00,	0,	2.00,	'PRO',	'2017-08-01 15:59:42',	'111',	NULL,	NULL,	NULL,	4359137),
('RIDLR',	1097820.00,	1097818.00,	0,	2.00,	'PRO',	'2017-08-01 15:59:42',	'111',	NULL,	NULL,	NULL,	4359138),
('RIDLR',	1097820.00,	1097818.00,	0,	2.00,	'PRO',	'2017-08-01 15:59:44',	'111',	NULL,	NULL,	NULL,	4359139),
('RIDLR',	1097820.00,	1097818.00,	0,	2.00,	'PRO',	'2017-08-01 15:59:47',	'111',	NULL,	NULL,	NULL,	4359140),
('RIDLR',	1097820.00,	1097818.00,	0,	2.00,	'PRO',	'2017-08-01 15:59:48',	'111',	NULL,	NULL,	NULL,	4359141),
('RIDLR',	1097820.00,	1097818.00,	0,	2.00,	'PRO',	'2017-08-01 15:59:50',	'111',	NULL,	NULL,	NULL,	4359142),
('RIDLR',	1097820.00,	1097818.00,	0,	2.00,	'PRO',	'2017-08-01 15:59:54',	'111',	NULL,	NULL,	NULL,	4359143),
('RIDLR',	1097820.00,	1097818.00,	0,	2.00,	'PRO',	'2017-08-01 15:59:59',	'111',	NULL,	NULL,	NULL,	4359144),
('RIDLR',	1097820.00,	1097815.00,	0,	5.00,	'PRO',	'2017-08-01 16:00:06',	'111',	NULL,	NULL,	NULL,	4359145),
('RIDLR',	1097820.00,	1097815.00,	0,	5.00,	'PRO',	'2017-08-01 16:00:08',	'111',	NULL,	NULL,	NULL,	4359146),
('RIDLR',	1097820.00,	1097815.00,	0,	5.00,	'PRO',	'2017-08-01 16:00:13',	'111',	NULL,	NULL,	NULL,	4359147),
('RIDLR',	1097820.00,	1097818.00,	0,	2.00,	'PRO',	'2017-08-01 16:00:19',	'111',	NULL,	NULL,	NULL,	4359148),
('RIDLR',	1097820.00,	1097818.00,	0,	2.00,	'PRO',	'2017-08-01 16:00:20',	'111',	NULL,	NULL,	NULL,	4359149),
('RIDLR',	1097820.00,	1097818.00,	0,	2.00,	'PRO',	'2017-08-01 16:00:21',	'111',	NULL,	NULL,	NULL,	4359150),
('RIDLR',	1097820.00,	1097818.00,	0,	2.00,	'PRO',	'2017-08-01 16:00:22',	'111',	NULL,	NULL,	NULL,	4359151),
('RIDLR',	1097820.00,	1097818.00,	0,	2.00,	'PRO',	'2017-08-01 16:00:23',	'111',	NULL,	NULL,	NULL,	4359152),
('RIDLR',	1097820.00,	1097818.00,	0,	2.00,	'PRO',	'2017-08-01 16:00:23',	'111',	NULL,	NULL,	NULL,	4359153),
('RIDLR',	1097820.00,	1097818.00,	0,	2.00,	'PRO',	'2017-08-01 16:00:24',	'111',	NULL,	NULL,	NULL,	4359154),
('RIDLR',	1097820.00,	1097815.00,	0,	5.00,	'PRO',	'2017-08-01 16:00:29',	'111',	NULL,	NULL,	NULL,	4359155),
('RIDLR',	1097820.00,	1097818.00,	0,	2.00,	'PRO',	'2017-08-01 16:00:36',	'111',	NULL,	NULL,	NULL,	4359156),
('RIDLR',	1097820.00,	1097815.00,	0,	5.00,	'PRO',	'2017-08-01 16:00:43',	'111',	NULL,	NULL,	NULL,	4359157),
('RIDLR',	1097820.00,	1097814.00,	0,	6.00,	'PRO',	'2017-08-01 16:00:48',	'111',	NULL,	NULL,	NULL,	4359158),
('RIDLR',	1097810.00,	1097808.00,	0,	2.00,	'PRO',	'2017-08-01 16:00:53',	'111',	NULL,	NULL,	NULL,	4359159),
('RIDLR',	1097810.00,	1097808.00,	0,	2.00,	'PRO',	'2017-08-01 16:00:57',	'111',	NULL,	NULL,	NULL,	4359160),
('RIDLR',	1097810.00,	1097808.00,	0,	2.00,	'PRO',	'2017-08-01 16:00:58',	'111',	NULL,	NULL,	NULL,	4359161),
('RIDLR',	1097810.00,	1097808.00,	0,	2.00,	'PRO',	'2017-08-01 16:00:59',	'111',	NULL,	NULL,	NULL,	4359162),
('RIDLR',	1097810.00,	1097802.00,	0,	8.00,	'PRO',	'2017-08-01 16:01:04',	'111',	NULL,	NULL,	NULL,	4359163),
('RIDLR',	1097800.00,	1097792.00,	0,	8.00,	'PRO',	'2017-08-01 16:01:06',	'111',	NULL,	NULL,	NULL,	4359164),
('RIDLR',	1097790.00,	1097782.00,	0,	8.00,	'PRO',	'2017-08-01 16:01:08',	'111',	NULL,	NULL,	NULL,	4359165),
('RIDLR',	1097780.00,	1097772.00,	0,	8.00,	'PRO',	'2017-08-01 16:01:10',	'111',	NULL,	NULL,	NULL,	4359166),
('RIDLR',	1097770.00,	1097762.00,	0,	8.00,	'PRO',	'2017-08-01 16:01:12',	'111',	NULL,	NULL,	NULL,	4359167),
('RIDLR',	1097760.00,	1097752.00,	0,	8.00,	'PRO',	'2017-08-01 16:01:13',	'111',	NULL,	NULL,	NULL,	4359168),
('RIDLR',	1097750.00,	1097742.00,	0,	8.00,	'PRO',	'2017-08-01 16:01:15',	'111',	NULL,	NULL,	NULL,	4359169),
('RIDLR',	1097740.00,	1097732.00,	0,	8.00,	'PRO',	'2017-08-01 16:01:16',	'111',	NULL,	NULL,	NULL,	4359170),
('RIDLR',	1097730.00,	1097722.00,	0,	8.00,	'PRO',	'2017-08-01 16:01:17',	'111',	NULL,	NULL,	NULL,	4359171),
('RIDLR',	1097720.00,	1097718.00,	0,	2.00,	'PRO',	'2017-08-01 16:01:28',	'111',	NULL,	NULL,	NULL,	4359172),
('RIDLR',	1097720.00,	1097718.00,	0,	2.00,	'PRO',	'2017-08-01 16:01:29',	'111',	NULL,	NULL,	NULL,	4359173),
('RIDLR',	1097720.00,	1097718.00,	0,	2.00,	'PRO',	'2017-08-01 16:01:30',	'111',	NULL,	NULL,	NULL,	4359174),
('RIDLR',	1097720.00,	1097718.00,	0,	2.00,	'PRO',	'2017-08-01 16:01:30',	'111',	NULL,	NULL,	NULL,	4359175),
('RIDLR',	1097720.00,	1097718.00,	0,	2.00,	'PRO',	'2017-08-01 16:01:31',	'111',	NULL,	NULL,	NULL,	4359176),
('RIDLR',	1097720.00,	1097718.00,	0,	2.00,	'PRO',	'2017-08-01 16:01:31',	'111',	NULL,	NULL,	NULL,	4359177),
('RIDLR',	1097720.00,	1097718.00,	0,	2.00,	'PRO',	'2017-08-01 16:01:31',	'111',	NULL,	NULL,	NULL,	4359178),
('RIDLR',	1097720.00,	1097718.00,	0,	2.00,	'PRO',	'2017-08-01 16:01:32',	'111',	NULL,	NULL,	NULL,	4359179),
('RIDLR',	1097720.00,	1097718.00,	0,	2.00,	'PRO',	'2017-08-01 16:01:32',	'111',	NULL,	NULL,	NULL,	4359180),
('RIDLR',	1097720.00,	1097718.00,	0,	2.00,	'PRO',	'2017-08-01 16:01:33',	'111',	NULL,	NULL,	NULL,	4359181),
('RIDLR',	1097720.00,	1097718.00,	0,	2.00,	'PRO',	'2017-08-01 16:01:33',	'111',	NULL,	NULL,	NULL,	4359182),
('RIDLR',	1097720.00,	1097718.00,	0,	2.00,	'PRO',	'2017-08-01 16:01:34',	'111',	NULL,	NULL,	NULL,	4359183),
('RIDLR',	1097720.00,	1097718.00,	0,	2.00,	'PRO',	'2017-08-01 16:01:34',	'111',	NULL,	NULL,	NULL,	4359184),
('RIDLR',	1097720.00,	1097718.00,	0,	2.00,	'PRO',	'2017-08-01 16:01:34',	'111',	NULL,	NULL,	NULL,	4359185),
('RIDLR',	1097720.00,	1097718.00,	0,	2.00,	'PRO',	'2017-08-01 16:01:35',	'111',	NULL,	NULL,	NULL,	4359186),
('RIDLR',	1097720.00,	1097718.00,	0,	2.00,	'PRO',	'2017-08-01 16:01:35',	'111',	NULL,	NULL,	NULL,	4359187),
('RIDLR',	1097720.00,	1097718.00,	0,	2.00,	'PRO',	'2017-08-01 16:01:35',	'111',	NULL,	NULL,	NULL,	4359188),
('RIDLR',	1097720.00,	1097718.00,	0,	2.00,	'PRO',	'2017-08-01 16:01:36',	'111',	NULL,	NULL,	NULL,	4359189),
('RIDLR',	1097720.00,	1097718.00,	0,	2.00,	'PRO',	'2017-08-01 16:01:36',	'111',	NULL,	NULL,	NULL,	4359190),
('RIDLR',	1097720.00,	1097718.00,	0,	2.00,	'PRO',	'2017-08-01 16:01:37',	'111',	NULL,	NULL,	NULL,	4359191),
('RIDLR',	1097720.00,	1097710.00,	0,	10.00,	'PRO',	'2017-08-02 04:29:44',	'113P',	NULL,	NULL,	NULL,	4359192),
('RIDLR',	1097710.00,	1097708.00,	0,	2.00,	'PRO',	'2017-08-02 04:30:39',	'113P',	NULL,	NULL,	NULL,	4359193),
('RIDLR',	1097710.00,	1097700.00,	0,	10.00,	'PRO',	'2017-08-02 04:33:15',	'113P',	NULL,	NULL,	NULL,	4359194),
('RIDLR',	1097700.00,	1097698.00,	0,	2.00,	'PRO',	'2017-08-02 04:33:38',	'113P',	NULL,	NULL,	NULL,	4359195),
('RIDLR',	1097700.00,	1097690.00,	0,	10.00,	'PRO',	'2017-08-02 04:37:07',	'113P',	NULL,	NULL,	NULL,	4359196),
('RIDLR',	1097690.00,	1097688.00,	0,	2.00,	'PRO',	'2017-08-02 04:37:34',	'113P',	NULL,	NULL,	NULL,	4359197),
('RIDLR',	1097690.00,	1097680.00,	0,	10.00,	'PRO',	'2017-08-02 04:41:33',	'113P',	NULL,	NULL,	NULL,	4359198),
('RIDLR',	1097680.00,	1097678.00,	0,	2.00,	'PRO',	'2017-08-02 04:44:58',	'113P',	NULL,	NULL,	NULL,	4359199),
('RIDLR',	1097680.00,	1097678.00,	0,	2.00,	'PRO',	'2017-08-02 04:53:48',	'113P',	NULL,	NULL,	NULL,	4359200),
('RIDLR',	1097680.00,	1097678.00,	0,	2.00,	'PRO',	'2017-08-02 05:01:58',	'113P',	NULL,	NULL,	NULL,	4359201),
('RIDLR',	1097680.00,	1097668.00,	0,	12.00,	'PRO',	'2017-08-02 05:04:32',	'113P',	NULL,	NULL,	NULL,	4359202),
('RIDLR',	1097630.00,	1097620.00,	0,	10.00,	'PRO',	'2017-08-02 06:30:12',	'113P',	NULL,	NULL,	NULL,	4359203),
('RIDLR',	1097620.00,	1097610.00,	0,	10.00,	'PRO',	'2017-08-02 06:31:02',	'113P',	NULL,	NULL,	NULL,	4359204),
('RIDLR',	1097610.00,	1097610.00,	0,	10.00,	'DEV',	'2017-08-02 06:31:29',	'113P',	NULL,	NULL,	NULL,	4359205),
('RIDLR',	1097610.00,	1097600.00,	0,	10.00,	'PRO',	'2017-08-02 06:32:21',	'113P',	NULL,	NULL,	NULL,	4359206),
('RIDLR',	1097600.00,	1097588.00,	0,	12.00,	'PRO',	'2017-08-02 06:34:56',	'113P',	NULL,	NULL,	NULL,	4359207),
('RIDLR',	1097587.00,	1097577.00,	0,	10.00,	'PRO',	'2017-08-02 07:15:49',	'113P',	NULL,	NULL,	NULL,	4359208),
('RIDLR',	1097577.00,	1097565.00,	0,	12.00,	'PRO',	'2017-08-02 07:16:04',	'113P',	NULL,	NULL,	NULL,	4359209),
('RIDLR',	1097565.00,	1097563.00,	0,	2.00,	'PRO',	'2017-08-02 07:16:12',	'113P',	NULL,	NULL,	NULL,	4359210),
('RIDLR',	1097563.00,	1097561.00,	0,	2.00,	'PRO',	'2017-08-02 07:16:13',	'113P',	NULL,	NULL,	NULL,	4359211),
('RIDLR',	1097561.00,	1097559.00,	0,	2.00,	'PRO',	'2017-08-02 07:16:14',	'113P',	NULL,	NULL,	NULL,	4359212),
('RIDLR',	1103069.00,	1103059.00,	0,	10.00,	'PRO',	'2017-08-08 10:39:09',	'111',	NULL,	NULL,	NULL,	4359213),
('RIDLR',	1103059.00,	1103049.00,	0,	10.00,	'PRO',	'2017-08-08 10:39:40',	'111',	NULL,	NULL,	NULL,	4359214),
('RIDLR',	1103049.00,	1103039.00,	0,	10.00,	'PRO',	'2017-08-08 10:42:43',	'111',	NULL,	NULL,	NULL,	4359215),
('RIDLR',	1103039.00,	1102890.00,	0,	149.00,	'PRO',	'2017-08-08 11:46:12',	'j63ggsbq000000nb',	NULL,	NULL,	NULL,	4359216),
('RIDLR',	1102890.00,	1102604.00,	0,	286.00,	'PRO',	'2017-08-08 11:49:56',	'j63iwsda000000nb',	NULL,	NULL,	NULL,	4359217),
('RIDLR',	1102604.00,	1102520.00,	0,	84.00,	'PRO',	'2017-08-11 12:34:23',	'j63jp9i8000000nb',	NULL,	NULL,	NULL,	4359218),
('RIDLR',	1102520.00,	1102466.00,	0,	54.00,	'PRO',	'2017-08-14 07:29:06',	'j6bu2h9i000000nb',	NULL,	NULL,	NULL,	4359219),
('RIDLR',	1104466.00,	1104265.00,	0,	201.00,	'PRO',	'2017-08-18 06:51:05',	'j6himyv7000000jz',	NULL,	NULL,	NULL,	4359220),
('RIDLR',	1104265.00,	1104181.00,	0,	84.00,	'PRO',	'2017-08-18 06:53:30',	'j6hipp81000000jz',	NULL,	NULL,	NULL,	4359221),
('RIDLR',	1104181.00,	1104097.00,	0,	84.00,	'PRO',	'2017-08-18 07:45:13',	'j6hkkmnw000000jz',	NULL,	NULL,	NULL,	4359222),
('RIDLR',	1160097.00,	1159896.00,	0,	201.00,	'PRO',	'2017-08-23 09:22:48',	'j6ot7xgq000000mj',	NULL,	NULL,	NULL,	4359223),
('RIDLR',	1159896.00,	1159695.00,	0,	201.00,	'PRO',	'2017-08-23 09:24:40',	'j6otbymu000000mj',	NULL,	NULL,	NULL,	4359224),
('RIDLR',	1159695.00,	1159494.00,	0,	201.00,	'PRO',	'2017-08-23 09:30:23',	'j6othgee000000mj',	NULL,	NULL,	NULL,	4359225),
('RIDLR',	1159494.00,	1159410.00,	0,	84.00,	'PRO',	'2017-08-23 09:31:50',	'j6otl3m4000000mj',	NULL,	NULL,	NULL,	4359226),
('RIDLR',	1159410.00,	1159288.00,	0,	122.00,	'PRO',	'2017-08-23 09:33:11',	'j6otlykt000000mj',	NULL,	NULL,	NULL,	4359227),
('RIDLR',	1159288.00,	1159139.00,	0,	149.00,	'PRO',	'2017-08-23 09:33:40',	'j6otnhlz000000mj',	NULL,	NULL,	NULL,	4359228),
('RIDLR',	1159139.00,	1158938.00,	0,	201.00,	'PRO',	'2017-08-24 07:22:12',	'j6q4e57b000000jz',	NULL,	NULL,	NULL,	4359229),
('RIDLR',	1158938.00,	1158737.00,	0,	201.00,	'PRO',	'2017-08-24 08:25:12',	'j6q6mufl000000jz',	NULL,	NULL,	NULL,	4359230),
('RIDLR',	1158737.00,	1158588.00,	0,	149.00,	'PRO',	'2017-08-24 08:26:33',	'j6q6or8j000000jz',	NULL,	NULL,	NULL,	4359231),
('RIDLR',	1158588.00,	1158466.00,	0,	122.00,	'PRO',	'2017-08-24 08:27:25',	'j6q6pv1d000000jz',	NULL,	NULL,	NULL,	4359232),
('RIDLR',	1158466.00,	1158344.00,	0,	122.00,	'PRO',	'2017-08-24 08:32:39',	'j6q6uxky000000jz',	NULL,	NULL,	NULL,	4359233),
('RIDLR',	1158344.00,	1158222.00,	0,	122.00,	'PRO',	'2017-08-24 08:35:41',	'j6q70odq000000jz',	NULL,	NULL,	NULL,	4359234),
('RIDLR',	1158222.00,	1158100.00,	0,	122.00,	'PRO',	'2017-08-24 08:36:33',	'j6q71pov000000jz',	NULL,	NULL,	NULL,	4359235),
('RIDLR',	1158100.00,	1158016.00,	0,	84.00,	'PRO',	'2017-08-24 08:37:18',	'j6q72l3e000000jz',	NULL,	NULL,	NULL,	4359236),
('RIDLR',	1158016.00,	1157932.00,	0,	84.00,	'PRO',	'2017-08-24 08:38:03',	'j6q73jki000000jz',	NULL,	NULL,	NULL,	4359237),
('RIDLR',	1157932.00,	1157783.00,	0,	149.00,	'PRO',	'2017-08-24 08:39:06',	'j6q74i8o000000jz',	NULL,	NULL,	NULL,	4359238),
('RIDLR',	1157783.00,	1157699.00,	0,	84.00,	'PRO',	'2017-08-24 08:40:13',	'j6q75z67000000jz',	NULL,	NULL,	NULL,	4359239),
('RIDLR',	1157699.00,	1157577.00,	0,	122.00,	'PRO',	'2017-08-24 08:41:05',	'j6q778by000000jz',	NULL,	NULL,	NULL,	4359240),
('RIDLR',	1157577.00,	1157428.00,	0,	149.00,	'PRO',	'2017-08-24 08:41:51',	'j6q78g0k000000jz',	NULL,	NULL,	NULL,	4359241),
('RIDLR',	1157428.00,	1157306.00,	0,	122.00,	'PRO',	'2017-08-24 08:42:35',	'j6q79eay000000jz',	NULL,	NULL,	NULL,	4359242),
('RIDLR',	1157306.00,	1157105.00,	0,	201.00,	'PRO',	'2017-08-24 08:43:24',	'j6q7acr5000000jz',	NULL,	NULL,	NULL,	4359243),
('RIDLR',	1157105.00,	1157021.00,	0,	84.00,	'PRO',	'2017-08-24 08:44:35',	'j6q7bezs000000jz',	NULL,	NULL,	NULL,	4359244),
('RIDLR',	1167021.00,	1166872.00,	0,	149.00,	'PRO',	'2017-08-24 08:45:42',	'j6q7cw8n000000jz',	NULL,	NULL,	NULL,	4359245),
('RIDLR',	1166872.00,	1166750.00,	0,	122.00,	'PRO',	'2017-08-24 08:46:24',	'j6q7ecgs000000jz',	NULL,	NULL,	NULL,	4359246),
('RIDLR',	1166750.00,	1166628.00,	0,	122.00,	'PRO',	'2017-08-24 08:47:20',	'j6q7f9he000000jz',	NULL,	NULL,	NULL,	4359247),
('RIDLR',	1166628.00,	1166544.00,	0,	84.00,	'PRO',	'2017-08-24 08:48:03',	'j6q7gh1h000000jz',	NULL,	NULL,	NULL,	4359248),
('RIDLR',	1167544.00,	1167422.00,	0,	122.00,	'PRO',	'2017-08-24 08:48:56',	'j6q7hcka000000jz',	NULL,	NULL,	NULL,	4359249),
('RIDLR',	1167422.00,	1167300.00,	0,	122.00,	'PRO',	'2017-08-24 08:49:36',	'j6q7ihrz000000jz',	NULL,	NULL,	NULL,	4359250),
('RIDLR',	1167300.00,	1167178.00,	0,	122.00,	'PRO',	'2017-08-24 08:50:22',	'j6q7j92i000000jz',	NULL,	NULL,	NULL,	4359251),
('RIDLR',	1167178.00,	1167094.00,	0,	84.00,	'PRO',	'2017-08-24 08:51:30',	'j6q7kbek000000jz',	NULL,	NULL,	NULL,	4359252),
('RIDLR',	1167094.00,	1167010.00,	0,	84.00,	'PRO',	'2017-08-24 08:52:29',	'j6q7lvuo000000jz',	NULL,	NULL,	NULL,	4359253),
('RIDLR',	1167010.00,	1166926.00,	0,	84.00,	'PRO',	'2017-08-24 08:52:29',	'j6q7lvuo000000jz',	NULL,	NULL,	NULL,	4359254),
('RIDLR',	1166926.00,	1166777.00,	0,	149.00,	'PRO',	'2017-08-24 08:53:33',	'j6q7n3t4000000jz',	NULL,	NULL,	NULL,	4359255),
('RIDLR',	1166777.00,	1166693.00,	0,	84.00,	'PRO',	'2017-08-24 08:54:37',	'j6q7ofwh000000jz',	NULL,	NULL,	NULL,	4359256),
('RIDLR',	1166693.00,	1166571.00,	0,	122.00,	'PRO',	'2017-08-24 08:55:48',	'j6q7prxd000000jz',	NULL,	NULL,	NULL,	4359257),
('RIDLR',	1168926.00,	1168804.00,	0,	122.00,	'PRO',	'2017-08-24 08:57:04',	'j6q7rfqj000000jz',	NULL,	NULL,	NULL,	4359258),
('RIDLR',	1168804.00,	1168655.00,	0,	149.00,	'PRO',	'2017-08-24 08:59:54',	'j6q7th9f000000jz',	NULL,	NULL,	NULL,	4359259),
('RIDLR',	1189655.00,	1189533.00,	0,	122.00,	'PRO',	'2017-08-31 06:02:48',	'j701m0hc000000c8',	NULL,	NULL,	NULL,	4359260),
('RIDLR',	1189533.00,	1189532.00,	0,	1.00,	'PRO',	'2017-08-31 07:29:55',	'j704n1350000849j',	NULL,	NULL,	NULL,	4359261),
('RIDLR',	1190532.00,	1190531.00,	0,	1.00,	'PRO',	'2017-08-31 09:54:35',	'j707qwsz0000849j',	NULL,	NULL,	NULL,	4359262),
('RIDLR',	1190531.00,	1190529.00,	0,	2.00,	'PRO',	'2017-08-31 10:03:52',	'j70a5ii40000849j',	NULL,	NULL,	NULL,	4359263),
('RIDLR',	1190529.00,	1190527.00,	0,	2.00,	'PRO',	'2017-08-31 10:09:01',	'j70a9xf40000849j',	NULL,	NULL,	NULL,	4359264),
('RIDLR',	1190527.00,	1190522.00,	0,	5.00,	'PRO',	'2017-08-31 10:27:21',	'j70b2p1x0000849j',	NULL,	NULL,	NULL,	4359265),
('RIDLR',	1190522.00,	1190517.00,	0,	5.00,	'PRO',	'2017-08-31 10:32:41',	'j70b7e6a0000849j',	NULL,	NULL,	NULL,	4359266),
('RIDLR',	1190517.00,	1190512.00,	0,	5.00,	'PRO',	'2017-08-31 11:21:05',	'j70d0eo40000849j',	NULL,	NULL,	NULL,	4359267),
('RIDLR',	1190512.00,	1190390.00,	0,	122.00,	'PRO',	'2017-09-01 05:46:12',	'j701nufl000000c8',	NULL,	NULL,	NULL,	4359268),
('RIDLR',	1190390.00,	1190241.00,	0,	149.00,	'PRO',	'2017-09-01 06:16:36',	'j71gicut000000c8',	NULL,	NULL,	NULL,	4359269),
('RIDLR',	1190241.00,	1190119.00,	0,	122.00,	'PRO',	'2017-09-01 06:19:11',	'j71hmyff000000c8',	NULL,	NULL,	NULL,	4359270),
('RIDLR',	1190119.00,	1189918.00,	0,	201.00,	'PRO',	'2017-09-01 06:20:46',	'j71hooep000000c8',	NULL,	NULL,	NULL,	4359271),
('RIDLR',	1189918.00,	1189769.00,	0,	149.00,	'PRO',	'2017-09-01 06:23:57',	'j71httpn000000c8',	NULL,	NULL,	NULL,	4359272),
('RIDLR',	1189769.00,	1189568.00,	0,	201.00,	'PRO',	'2017-09-01 06:43:22',	'j71hvo9k000000c8',	NULL,	NULL,	NULL,	4359273),
('RIDLR',	1189568.00,	1189367.00,	0,	201.00,	'PRO',	'2017-09-01 06:46:09',	'j71imoyg000000c8',	NULL,	NULL,	NULL,	4359274),
('RIDLR',	1189367.00,	1189218.00,	0,	149.00,	'PRO',	'2017-09-01 06:47:01',	'j71ing2f000000c8',	NULL,	NULL,	NULL,	4359275),
('RIDLR',	1189218.00,	1189069.00,	0,	149.00,	'PRO',	'2017-09-01 06:48:11',	'j71iojdu000000c8',	NULL,	NULL,	NULL,	4359276),
('RIDLR',	1189069.00,	1188920.00,	0,	149.00,	'PRO',	'2017-09-01 06:55:41',	'j71is0l8000000c8',	NULL,	NULL,	NULL,	4359277),
('RIDLR',	1188920.00,	1188771.00,	0,	149.00,	'PRO',	'2017-09-01 06:56:21',	'j71izndm000000c8',	NULL,	NULL,	NULL,	4359278),
('RIDLR',	1188771.00,	1188570.00,	0,	201.00,	'PRO',	'2017-09-01 06:56:49',	'j71j0g64000000c8',	NULL,	NULL,	NULL,	4359279),
('RIDLR',	1188570.00,	1188421.00,	0,	149.00,	'PRO',	'2017-09-01 06:57:23',	'j71j15wc000000c8',	NULL,	NULL,	NULL,	4359280),
('RIDLR',	1188421.00,	1188220.00,	0,	201.00,	'PRO',	'2017-09-01 06:58:01',	'j71j1rsd000000c8',	NULL,	NULL,	NULL,	4359281),
('RIDLR',	1188220.00,	1188019.00,	0,	201.00,	'PRO',	'2017-09-01 07:05:37',	'j71j3xjg000000c8',	NULL,	NULL,	NULL,	4359282),
('RIDLR',	1188019.00,	1187818.00,	0,	201.00,	'PRO',	'2017-09-01 07:07:10',	'j71jdnlw000000c8',	NULL,	NULL,	NULL,	4359283),
('RIDLR',	1187818.00,	1187617.00,	0,	201.00,	'PRO',	'2017-09-01 09:07:14',	'j71no253000000c8',	NULL,	NULL,	NULL,	4359284),
('RIDLR',	1187617.00,	1187468.00,	0,	149.00,	'PRO',	'2017-09-01 09:13:50',	'j71np73i000000c8',	NULL,	NULL,	NULL,	4359285),
('RIDLR',	1187468.00,	1187267.00,	0,	201.00,	'PRO',	'2017-09-01 09:14:24',	'j71nxdg3000000c8',	NULL,	NULL,	NULL,	4359286),
('RIDLR',	1187267.00,	1187066.00,	0,	201.00,	'PRO',	'2017-09-01 09:14:50',	'j71nxz5r000000c8',	NULL,	NULL,	NULL,	4359287),
('RIDLR',	1187066.00,	1186917.00,	0,	149.00,	'PRO',	'2017-09-01 09:18:48',	'j71nyha3000000c8',	NULL,	NULL,	NULL,	4359288),
('RIDLR',	1186917.00,	1186716.00,	0,	201.00,	'PRO',	'2017-09-01 09:26:55',	'j71o7e1r000000c8',	NULL,	NULL,	NULL,	4359289),
('RIDLR',	1186716.00,	1186515.00,	0,	201.00,	'PRO',	'2017-09-01 09:28:24',	'j71ofank000000c8',	NULL,	NULL,	NULL,	4359290),
('RIDLR',	1186515.00,	1186366.00,	0,	149.00,	'PRO',	'2017-09-01 09:28:48',	'j71ofzpu000000c8',	NULL,	NULL,	NULL,	4359291),
('RIDLR',	1186366.00,	1186217.00,	0,	149.00,	'PRO',	'2017-09-01 09:29:19',	'j71ogkey000000c8',	NULL,	NULL,	NULL,	4359292),
('RIDLR',	1186217.00,	1186068.00,	0,	149.00,	'PRO',	'2017-09-01 09:32:43',	'j71oi8it000000c8',	NULL,	NULL,	NULL,	4359293),
('RIDLR',	1186068.00,	1185919.00,	0,	149.00,	'PRO',	'2017-09-01 09:33:10',	'j71olijb000000c8',	NULL,	NULL,	NULL,	4359294),
('RIDLR',	1185919.00,	1185718.00,	0,	201.00,	'PRO',	'2017-09-01 09:33:31',	'j71om1jr000000c8',	NULL,	NULL,	NULL,	4359295),
('RIDLR',	1185718.00,	1185569.00,	0,	149.00,	'PRO',	'2017-09-01 09:33:55',	'j71omjbp000000c8',	NULL,	NULL,	NULL,	4359296),
('RIDLR',	1185569.00,	1185368.00,	0,	201.00,	'PRO',	'2017-09-01 09:34:17',	'j71on0rq000000c8',	NULL,	NULL,	NULL,	4359297),
('RIDLR',	1185368.00,	1185167.00,	0,	201.00,	'PRO',	'2017-09-01 09:42:37',	'j71onlov000000c8',	NULL,	NULL,	NULL,	4359298),
('RIDLR',	1185167.00,	1185083.00,	0,	84.00,	'PRO',	'2017-09-01 09:43:18',	'j71oy9n9000000c8',	NULL,	NULL,	NULL,	4359299),
('RIDLR',	1185083.00,	1184961.00,	0,	122.00,	'PRO',	'2017-09-01 09:43:40',	'j71oz2dw000000c8',	NULL,	NULL,	NULL,	4359300),
('RIDLR',	1184961.00,	1184760.00,	0,	201.00,	'PRO',	'2017-09-01 09:44:03',	'j71ozj2i000000c8',	NULL,	NULL,	NULL,	4359301),
('RIDLR',	1184760.00,	1184611.00,	0,	149.00,	'PRO',	'2017-09-01 09:44:36',	'j71p078i000000c8',	NULL,	NULL,	NULL,	4359302),
('RIDLR',	1184611.00,	1184462.00,	0,	149.00,	'PRO',	'2017-09-01 09:48:18',	'j71p1cx0000000c8',	NULL,	NULL,	NULL,	4359303),
('RIDLR',	1184462.00,	1184261.00,	0,	201.00,	'PRO',	'2017-09-01 09:48:59',	'j71p5vku000000c8',	NULL,	NULL,	NULL,	4359304),
('RIDLR',	1184261.00,	1184112.00,	0,	149.00,	'PRO',	'2017-09-01 09:52:35',	'j71p814u000000c8',	NULL,	NULL,	NULL,	4359305),
('RIDLR',	1184112.00,	1183990.00,	0,	122.00,	'PRO',	'2017-09-01 09:53:19',	'j71pbbx8000000c8',	NULL,	NULL,	NULL,	4359306),
('RIDLR',	1183990.00,	1183841.00,	0,	149.00,	'PRO',	'2017-09-01 09:53:51',	'j71pc286000000c8',	NULL,	NULL,	NULL,	4359307),
('RIDLR',	1183841.00,	1183692.00,	0,	149.00,	'PRO',	'2017-09-01 09:54:14',	'j71pcnq5000000c8',	NULL,	NULL,	NULL,	4359308),
('RIDLR',	1183692.00,	1183543.00,	0,	149.00,	'PRO',	'2017-09-01 09:55:39',	'j71pegz0000000c8',	NULL,	NULL,	NULL,	4359309),
('RIDLR',	1183543.00,	1183394.00,	0,	149.00,	'PRO',	'2017-09-01 10:06:42',	'j71pgav3000000c8',	NULL,	NULL,	NULL,	4359310),
('RIDLR',	1183394.00,	1183245.00,	0,	149.00,	'PRO',	'2017-09-01 10:07:05',	'j71pt6be000000c8',	NULL,	NULL,	NULL,	4359311),
('RIDLR',	1183245.00,	1183096.00,	0,	149.00,	'PRO',	'2017-09-01 10:07:47',	'j71ptopy000000c8',	NULL,	NULL,	NULL,	4359312),
('RIDLR',	1183096.00,	1182974.00,	0,	122.00,	'PRO',	'2017-09-01 10:09:26',	'j71pw6jw000000c8',	NULL,	NULL,	NULL,	4359313),
('RIDLR',	1182974.00,	1182825.00,	0,	149.00,	'PRO',	'2017-09-01 10:10:46',	'j71pxqth000000c8',	NULL,	NULL,	NULL,	4359314),
('RIDLR',	1182825.00,	1182676.00,	0,	149.00,	'PRO',	'2017-09-01 10:13:10',	'j71pyfpd000000c8',	NULL,	NULL,	NULL,	4359315),
('RIDLR',	1182676.00,	1182475.00,	0,	201.00,	'PRO',	'2017-09-01 10:15:00',	'j71q309t000000c8',	NULL,	NULL,	NULL,	4359316),
('RIDLR',	1182475.00,	1182353.00,	0,	122.00,	'PRO',	'2017-09-01 10:15:26',	'j71q3sza000000c8',	NULL,	NULL,	NULL,	4359317),
('RIDLR',	1182353.00,	1182231.00,	0,	122.00,	'PRO',	'2017-09-01 10:15:56',	'j71q4ktt000000c8',	NULL,	NULL,	NULL,	4359318),
('RIDLR',	1182231.00,	1182082.00,	0,	149.00,	'PRO',	'2017-09-01 10:19:13',	'j71q50q3000000c8',	NULL,	NULL,	NULL,	4359319),
('RIDLR',	1182082.00,	1181933.00,	0,	149.00,	'PRO',	'2017-09-01 10:26:02',	'j71q9drt000000c8',	NULL,	NULL,	NULL,	4359320),
('RIDLR',	1181933.00,	1181784.00,	0,	149.00,	'PRO',	'2017-09-01 10:27:14',	'j71qizud000000c8',	NULL,	NULL,	NULL,	4359321),
('RIDLR',	1181784.00,	1181635.00,	0,	149.00,	'PRO',	'2017-09-01 10:29:12',	'j71qlk19000000c8',	NULL,	NULL,	NULL,	4359322),
('RIDLR',	1181635.00,	1181486.00,	0,	149.00,	'PRO',	'2017-09-01 10:29:35',	'j71qm4xo000000c8',	NULL,	NULL,	NULL,	4359323),
('RIDLR',	1181486.00,	1181337.00,	0,	149.00,	'PRO',	'2017-09-01 10:29:56',	'j71qmm35000000c8',	NULL,	NULL,	NULL,	4359324),
('RIDLR',	1181337.00,	1181188.00,	0,	149.00,	'PRO',	'2017-09-01 10:32:01',	'j71qp1n8000000c8',	NULL,	NULL,	NULL,	4359325),
('RIDLR',	1181188.00,	1181039.00,	0,	149.00,	'PRO',	'2017-09-01 10:34:41',	'j71qppy0000000c8',	NULL,	NULL,	NULL,	4359326),
('RIDLR',	1181039.00,	1180890.00,	0,	149.00,	'PRO',	'2017-09-01 10:35:11',	'j71qt8u9000000c8',	NULL,	NULL,	NULL,	4359327),
('RIDLR',	1180890.00,	1180741.00,	0,	149.00,	'PRO',	'2017-09-01 10:35:48',	'j71qu1pr000000c8',	NULL,	NULL,	NULL,	4359328),
('RIDLR',	1180741.00,	1180619.00,	0,	122.00,	'PRO',	'2017-09-01 10:38:21',	'j71qxbgd000000c8',	NULL,	NULL,	NULL,	4359329),
('RIDLR',	1180619.00,	1180470.00,	0,	149.00,	'PRO',	'2017-09-01 10:38:55',	'j71qxzol000000c8',	NULL,	NULL,	NULL,	4359330),
('RIDLR',	1180470.00,	1180348.00,	0,	122.00,	'PRO',	'2017-09-01 10:48:25',	'j71qzprb000000c8',	NULL,	NULL,	NULL,	4359331),
('RIDLR',	1180348.00,	1180199.00,	0,	149.00,	'PRO',	'2017-09-01 10:48:55',	'j71raznp000000c8',	NULL,	NULL,	NULL,	4359332),
('RIDLR',	1180199.00,	1180077.00,	0,	122.00,	'PRO',	'2017-09-01 10:49:55',	'j71rc6fm000000c8',	NULL,	NULL,	NULL,	4359333),
('RIDLR',	1180077.00,	1179955.00,	0,	122.00,	'PRO',	'2017-09-01 10:50:47',	'j71rdd9w000000c8',	NULL,	NULL,	NULL,	4359334),
('RIDLR',	1179955.00,	1179806.00,	0,	149.00,	'PRO',	'2017-09-01 10:51:39',	'j71reix1000000c8',	NULL,	NULL,	NULL,	4359335),
('RIDLR',	1179806.00,	1179657.00,	0,	149.00,	'PRO',	'2017-09-01 10:55:04',	'j71rf1sq000000c8',	NULL,	NULL,	NULL,	4359336),
('RIDLR',	1179657.00,	1179508.00,	0,	149.00,	'PRO',	'2017-09-01 10:55:32',	'j71rjfgw000000c8',	NULL,	NULL,	NULL,	4359337),
('RIDLR',	1179508.00,	1179386.00,	0,	122.00,	'PRO',	'2017-09-01 10:56:01',	'j71rk15l000000c8',	NULL,	NULL,	NULL,	4359338),
('RIDLR',	1179386.00,	1179237.00,	0,	149.00,	'PRO',	'2017-09-01 10:56:32',	'j71rkpbj000000c8',	NULL,	NULL,	NULL,	4359339),
('RIDLR',	1179237.00,	1179088.00,	0,	149.00,	'PRO',	'2017-09-01 10:57:05',	'j71rlf1m000000c8',	NULL,	NULL,	NULL,	4359340),
('RIDLR',	1179088.00,	1178939.00,	0,	149.00,	'PRO',	'2017-09-01 11:06:11',	'j71rmz43000000c8',	NULL,	NULL,	NULL,	4359341),
('RIDLR',	1178939.00,	1178790.00,	0,	149.00,	'PRO',	'2017-09-01 11:07:20',	'j71ryna5000000c8',	NULL,	NULL,	NULL,	4359342),
('RIDLR',	1178790.00,	1178641.00,	0,	149.00,	'PRO',	'2017-09-01 11:07:53',	'j71rzbte000000c8',	NULL,	NULL,	NULL,	4359343),
('RIDLR',	1178641.00,	1178492.00,	0,	149.00,	'PRO',	'2017-09-01 11:08:18',	'j71rzul8000000c8',	NULL,	NULL,	NULL,	4359344),
('RIDLR',	1178492.00,	1178370.00,	0,	122.00,	'PRO',	'2017-09-01 11:09:04',	'j71s0qb3000000c8',	NULL,	NULL,	NULL,	4359345),
('RIDLR',	1178370.00,	1178248.00,	0,	122.00,	'PRO',	'2017-09-01 11:13:03',	'j71s2ieu000000c8',	NULL,	NULL,	NULL,	4359346),
('RIDLR',	1178248.00,	1178099.00,	0,	149.00,	'PRO',	'2017-09-01 11:13:44',	'j71s6l1z000000c8',	NULL,	NULL,	NULL,	4359347),
('RIDLR',	1178099.00,	1177898.00,	0,	201.00,	'PRO',	'2017-09-01 11:14:14',	'j71s7emw000000c8',	NULL,	NULL,	NULL,	4359348),
('RIDLR',	1177898.00,	1177749.00,	0,	149.00,	'PRO',	'2017-09-01 11:15:18',	'j71s8rb1000000c8',	NULL,	NULL,	NULL,	4359349),
('RIDLR',	1177749.00,	1177548.00,	0,	201.00,	'PRO',	'2017-09-01 11:15:43',	'j71s9ebn000000c8',	NULL,	NULL,	NULL,	4359350),
('RIDLR',	1177548.00,	1177426.00,	0,	122.00,	'PRO',	'2017-09-01 11:27:32',	'j71sb2nf000000c8',	NULL,	NULL,	NULL,	4359351),
('RIDLR',	1177426.00,	1177277.00,	0,	149.00,	'PRO',	'2017-09-01 11:28:07',	'j71sp89u000000c8',	NULL,	NULL,	NULL,	4359352),
('RIDLR',	1177277.00,	1177155.00,	0,	122.00,	'PRO',	'2017-09-01 11:29:22',	'j71sqxd4000000c8',	NULL,	NULL,	NULL,	4359353),
('RIDLR',	1177155.00,	1177006.00,	0,	149.00,	'PRO',	'2017-09-01 11:29:51',	'j71srji8000000c8',	NULL,	NULL,	NULL,	4359354),
('RIDLR',	1177006.00,	1176857.00,	0,	149.00,	'PRO',	'2017-09-01 11:30:26',	'j71ssa3r000000c8',	NULL,	NULL,	NULL,	4359355),
('RIDLR',	1176857.00,	1176708.00,	0,	149.00,	'PRO',	'2017-09-01 11:32:45',	'j71ssx72000000c8',	NULL,	NULL,	NULL,	4359356),
('RIDLR',	1176708.00,	1176559.00,	0,	149.00,	'PRO',	'2017-09-01 11:33:28',	'j71sw16l000000c8',	NULL,	NULL,	NULL,	4359357),
('RIDLR',	1176559.00,	1176358.00,	0,	201.00,	'PRO',	'2017-09-01 11:33:59',	'j71swr1o000000c8',	NULL,	NULL,	NULL,	4359358),
('RIDLR',	1176358.00,	1176209.00,	0,	149.00,	'PRO',	'2017-09-01 11:34:43',	'j71sxj21000000c8',	NULL,	NULL,	NULL,	4359359),
('RIDLR',	1176209.00,	1176060.00,	0,	149.00,	'PRO',	'2017-09-01 11:35:13',	'j71syfym000000c8',	NULL,	NULL,	NULL,	4359360),
('RIDLR',	1176060.00,	1175911.00,	0,	149.00,	'PRO',	'2017-09-01 11:48:00',	'j71sz0wo000000c8',	NULL,	NULL,	NULL,	4359361),
('RIDLR',	1175911.00,	1175762.00,	0,	149.00,	'PRO',	'2017-09-01 11:48:49',	'j71tfthz000000c8',	NULL,	NULL,	NULL,	4359362),
('RIDLR',	1175762.00,	1175613.00,	0,	149.00,	'PRO',	'2017-09-01 11:50:06',	'j71thh4i000000c8',	NULL,	NULL,	NULL,	4359363),
('RIDLR',	1175613.00,	1175464.00,	0,	149.00,	'PRO',	'2017-09-01 11:50:32',	'j71ti4dh000000c8',	NULL,	NULL,	NULL,	4359364),
('RIDLR',	1175464.00,	1175342.00,	0,	122.00,	'PRO',	'2017-09-01 11:51:03',	'j71tirsj000000c8',	NULL,	NULL,	NULL,	4359365),
('RIDLR',	1175342.00,	1175220.00,	0,	122.00,	'PRO',	'2017-09-01 11:54:05',	'j71tjdqm000000c8',	NULL,	NULL,	NULL,	4359366),
('RIDLR',	1175220.00,	1175071.00,	0,	149.00,	'PRO',	'2017-09-01 11:54:47',	'j71tndcm000000c8',	NULL,	NULL,	NULL,	4359367),
('RIDLR',	1175071.00,	1174922.00,	0,	149.00,	'PRO',	'2017-09-01 11:55:15',	'j71to4ry000000c8',	NULL,	NULL,	NULL,	4359368),
('RIDLR',	1174922.00,	1174800.00,	0,	122.00,	'PRO',	'2017-09-01 11:55:52',	'j71toww0000000c8',	NULL,	NULL,	NULL,	4359369),
('RIDLR',	1174800.00,	1174678.00,	0,	122.00,	'PRO',	'2017-09-01 11:57:07',	'j71tqg71000000c8',	NULL,	NULL,	NULL,	4359370),
('RIDLR',	1174678.00,	1174556.00,	0,	122.00,	'PRO',	'2017-09-01 12:07:14',	'j71tsxee000000c8',	NULL,	NULL,	NULL,	4359371),
('RIDLR',	1174556.00,	1174434.00,	0,	122.00,	'PRO',	'2017-09-01 12:09:00',	'j71u5sdm000000c8',	NULL,	NULL,	NULL,	4359372),
('RIDLR',	1174434.00,	1174312.00,	0,	122.00,	'PRO',	'2017-09-01 12:09:38',	'j71u6inj000000c8',	NULL,	NULL,	NULL,	4359373),
('RIDLR',	1174312.00,	1174190.00,	0,	122.00,	'PRO',	'2017-09-01 12:10:15',	'j71u7chl000000c8',	NULL,	NULL,	NULL,	4359374),
('RIDLR',	1174190.00,	1174041.00,	0,	149.00,	'PRO',	'2017-09-01 12:14:48',	'j71u8y85000000c8',	NULL,	NULL,	NULL,	4359375),
('RIDLR',	1174041.00,	1173919.00,	0,	122.00,	'PRO',	'2017-09-01 12:15:30',	'j71udzsd000000c8',	NULL,	NULL,	NULL,	4359376),
('RIDLR',	1173919.00,	1173797.00,	0,	122.00,	'PRO',	'2017-09-01 12:16:14',	'j71ueyfp000000c8',	NULL,	NULL,	NULL,	4359377),
('RIDLR',	1173797.00,	1173596.00,	0,	201.00,	'PRO',	'2017-09-01 12:16:49',	'j71ufrtq000000c8',	NULL,	NULL,	NULL,	4359378),
('RIDLR',	1173596.00,	1173447.00,	0,	149.00,	'PRO',	'2017-09-01 12:17:27',	'j71ugks0000000c8',	NULL,	NULL,	NULL,	4359379),
('RIDLR',	1173447.00,	1173246.00,	0,	201.00,	'PRO',	'2017-09-01 12:27:51',	'j71uhefm000000c8',	NULL,	NULL,	NULL,	4359380),
('RIDLR',	1173246.00,	1173045.00,	0,	201.00,	'PRO',	'2017-09-01 12:28:36',	'j71uuq27000000c8',	NULL,	NULL,	NULL,	4359381),
('RIDLR',	1173045.00,	1172923.00,	0,	122.00,	'PRO',	'2017-09-01 12:29:54',	'j71uwmxm000000c8',	NULL,	NULL,	NULL,	4359382),
('RIDLR',	1172923.00,	1172774.00,	0,	149.00,	'PRO',	'2017-09-01 12:30:34',	'j71uxfkq000000c8',	NULL,	NULL,	NULL,	4359383),
('RIDLR',	1172774.00,	1172573.00,	0,	201.00,	'PRO',	'2017-09-01 12:36:40',	'j71v0jw5000000c8',	NULL,	NULL,	NULL,	4359384),
('RIDLR',	1172573.00,	1172451.00,	0,	122.00,	'PRO',	'2017-09-04 05:49:41',	'j75qxbpf000000c8',	NULL,	NULL,	NULL,	4359385),
('RIDLR',	1172451.00,	1172250.00,	0,	201.00,	'PRO',	'2017-09-04 05:50:43',	'j75qy8ta000000c8',	NULL,	NULL,	NULL,	4359386),
('RIDLR',	1172250.00,	1172101.00,	0,	149.00,	'PRO',	'2017-09-04 05:51:39',	'j75qzkps000000c8',	NULL,	NULL,	NULL,	4359387),
('RIDLR',	1172101.00,	1171952.00,	0,	149.00,	'PRO',	'2017-09-04 05:52:12',	'j75r0ssb000000c8',	NULL,	NULL,	NULL,	4359388),
('RIDLR',	1171952.00,	1171751.00,	0,	201.00,	'PRO',	'2017-09-04 05:58:34',	'j75r1xdw000000c8',	NULL,	NULL,	NULL,	4359389),
('RIDLR',	1171751.00,	1171550.00,	0,	201.00,	'PRO',	'2017-09-04 06:00:25',	'j75rbhm0000000c8',	NULL,	NULL,	NULL,	4359390),
('RIDLR',	1171550.00,	1171401.00,	0,	149.00,	'PRO',	'2017-09-04 06:00:56',	'j75rc3j6000000c8',	NULL,	NULL,	NULL,	4359391),
('RIDLR',	1171401.00,	1171252.00,	0,	149.00,	'PRO',	'2017-09-04 06:01:18',	'j75rcnnn000000c8',	NULL,	NULL,	NULL,	4359392),
('RIDLR',	1171252.00,	1171051.00,	0,	201.00,	'PRO',	'2017-09-04 06:01:41',	'j75rd4uw000000c8',	NULL,	NULL,	NULL,	4359393),
('RIDLR',	1171051.00,	1170850.00,	0,	201.00,	'PRO',	'2017-09-04 06:06:34',	'j75rdqb1000000c8',	NULL,	NULL,	NULL,	4359394),
('RIDLR',	1170850.00,	1170649.00,	0,	201.00,	'PRO',	'2017-09-04 06:07:38',	'j75rk801000000c8',	NULL,	NULL,	NULL,	4359395),
('RIDLR',	1170649.00,	1170448.00,	0,	201.00,	'PRO',	'2017-09-04 06:08:04',	'j75rle74000000c8',	NULL,	NULL,	NULL,	4359396),
('RIDLR',	1170448.00,	1170247.00,	0,	201.00,	'PRO',	'2017-09-04 06:09:23',	'j75rn0py000000c8',	NULL,	NULL,	NULL,	4359397),
('RIDLR',	1170247.00,	1170046.00,	0,	201.00,	'PRO',	'2017-09-04 06:09:45',	'j75rnkg7000000c8',	NULL,	NULL,	NULL,	4359398),
('RIDLR',	1170046.00,	1169924.00,	0,	122.00,	'PRO',	'2017-09-04 06:12:46',	'j75ro0s0000000c8',	NULL,	NULL,	NULL,	4359399),
('RIDLR',	1169924.00,	1169802.00,	0,	122.00,	'PRO',	'2017-09-04 06:13:29',	'j75rs3um000000c8',	NULL,	NULL,	NULL,	4359400),
('RIDLR',	1169802.00,	1169653.00,	0,	149.00,	'PRO',	'2017-09-04 06:14:07',	'j75rsttf000000c8',	NULL,	NULL,	NULL,	4359401),
('RIDLR',	1169653.00,	1169504.00,	0,	149.00,	'PRO',	'2017-09-04 06:15:17',	'j75rtlq1000000c8',	NULL,	NULL,	NULL,	4359402),
('RIDLR',	1169504.00,	1169355.00,	0,	149.00,	'PRO',	'2017-09-04 06:15:52',	'j75rv64r000000c8',	NULL,	NULL,	NULL,	4359403),
('RIDLR',	1169355.00,	1169206.00,	0,	149.00,	'PRO',	'2017-09-04 06:33:19',	'j75rybsy000000c8',	NULL,	NULL,	NULL,	4359404),
('RIDLR',	1169206.00,	1169057.00,	0,	149.00,	'PRO',	'2017-09-04 06:33:49',	'j75sifdl000000c8',	NULL,	NULL,	NULL,	4359405),
('RIDLR',	1169057.00,	1168856.00,	0,	201.00,	'PRO',	'2017-09-04 06:35:15',	'j75skajy000000c8',	NULL,	NULL,	NULL,	4359406),
('RIDLR',	1168856.00,	1168655.00,	0,	201.00,	'PRO',	'2017-09-04 06:35:39',	'j75skw3g000000c8',	NULL,	NULL,	NULL,	4359407),
('RIDLR',	1168655.00,	1168506.00,	0,	149.00,	'PRO',	'2017-09-04 06:36:05',	'j75slei6000000c8',	NULL,	NULL,	NULL,	4359408),
('RIDLR',	1168506.00,	1168357.00,	0,	149.00,	'PRO',	'2017-09-04 06:41:52',	'j75smrnd000000c8',	NULL,	NULL,	NULL,	4359409),
('RIDLR',	1168357.00,	1168208.00,	0,	149.00,	'PRO',	'2017-09-04 06:42:26',	'j75stla1000000c8',	NULL,	NULL,	NULL,	4359410),
('RIDLR',	1168208.00,	1168059.00,	0,	149.00,	'PRO',	'2017-09-04 06:43:24',	'j75surj6000000c8',	NULL,	NULL,	NULL,	4359411),
('RIDLR',	1168059.00,	1167910.00,	0,	149.00,	'PRO',	'2017-09-04 06:43:52',	'j75sveq3000000c8',	NULL,	NULL,	NULL,	4359412),
('RIDLR',	1167910.00,	1167788.00,	0,	122.00,	'PRO',	'2017-09-04 06:44:15',	'j75svwhg000000c8',	NULL,	NULL,	NULL,	4359413),
('RIDLR',	1167788.00,	1167704.00,	0,	84.00,	'PRO',	'2017-09-04 06:54:40',	'j75swgg4000000c8',	NULL,	NULL,	NULL,	4359414),
('RIDLR',	1167704.00,	1167503.00,	0,	201.00,	'PRO',	'2017-09-04 06:55:43',	'j75takat000000c8',	NULL,	NULL,	NULL,	4359415),
('RIDLR',	1167503.00,	1167354.00,	0,	149.00,	'PRO',	'2017-09-04 06:56:11',	'j75tb4df000000c8',	NULL,	NULL,	NULL,	4359416),
('RIDLR',	1167354.00,	1167205.00,	0,	149.00,	'PRO',	'2017-09-04 06:56:35',	'j75tbq5r000000c8',	NULL,	NULL,	NULL,	4359417),
('RIDLR',	1167205.00,	1167056.00,	0,	149.00,	'PRO',	'2017-09-04 06:58:56',	'j75tepnu000000c8',	NULL,	NULL,	NULL,	4359418),
('RIDLR',	1167056.00,	1166907.00,	0,	149.00,	'PRO',	'2017-09-04 07:09:51',	'j75tfbtq000000c8',	NULL,	NULL,	NULL,	4359419),
('RIDLR',	1166907.00,	1166758.00,	0,	149.00,	'PRO',	'2017-09-04 07:10:13',	'j75tte2r000000c8',	NULL,	NULL,	NULL,	4359420),
('RIDLR',	1166758.00,	1166636.00,	0,	122.00,	'PRO',	'2017-09-04 07:10:35',	'j75ttt7d000000c8',	NULL,	NULL,	NULL,	4359421),
('RIDLR',	1166636.00,	1166487.00,	0,	149.00,	'PRO',	'2017-09-04 07:11:09',	'j75tudrc000000c8',	NULL,	NULL,	NULL,	4359422),
('RIDLR',	1166487.00,	1166338.00,	0,	149.00,	'PRO',	'2017-09-04 07:12:27',	'j75tw767000000c8',	NULL,	NULL,	NULL,	4359423),
('RIDLR',	1166338.00,	1166189.00,	0,	149.00,	'PRO',	'2017-09-04 07:22:07',	'j75txji5000000c8',	NULL,	NULL,	NULL,	4359424),
('RIDLR',	1166189.00,	1166067.00,	0,	122.00,	'PRO',	'2017-09-04 07:23:05',	'j75u9ctm000000c8',	NULL,	NULL,	NULL,	4359425),
('RIDLR',	1166067.00,	1165918.00,	0,	149.00,	'PRO',	'2017-09-04 07:24:04',	'j75ub2fy000000c8',	NULL,	NULL,	NULL,	4359426),
('RIDLR',	1165918.00,	1165796.00,	0,	122.00,	'PRO',	'2017-09-04 07:25:00',	'j75uc9gg000000c8',	NULL,	NULL,	NULL,	4359427),
('RIDLR',	1165796.00,	1165647.00,	0,	149.00,	'PRO',	'2017-09-04 07:28:07',	'j75ugbnj000000c8',	NULL,	NULL,	NULL,	4359428),
('RIDLR',	1165647.00,	1165498.00,	0,	149.00,	'PRO',	'2017-09-04 08:35:46',	'j75wvae5000000c8',	NULL,	NULL,	NULL,	4359429),
('RIDLR',	1165498.00,	1165376.00,	0,	122.00,	'PRO',	'2017-09-04 08:36:18',	'j75wvwvr000000c8',	NULL,	NULL,	NULL,	4359430),
('RIDLR',	1165376.00,	1165254.00,	0,	122.00,	'PRO',	'2017-09-04 08:38:07',	'j75wy8u6000000c8',	NULL,	NULL,	NULL,	4359431),
('RIDLR',	1165254.00,	1165132.00,	0,	122.00,	'PRO',	'2017-09-04 08:38:54',	'j75wyxnw000000c8',	NULL,	NULL,	NULL,	4359432),
('RIDLR',	1165132.00,	1165010.00,	0,	122.00,	'PRO',	'2017-09-04 08:40:16',	'j75x0yf5000000c8',	NULL,	NULL,	NULL,	4359433),
('RIDLR',	1165010.00,	1164861.00,	0,	149.00,	'PRO',	'2017-09-04 08:40:56',	'j75x1nnk000000c8',	NULL,	NULL,	NULL,	4359434),
('RIDLR',	1164861.00,	1164739.00,	0,	122.00,	'PRO',	'2017-09-04 08:41:18',	'j75x2f9c000000c8',	NULL,	NULL,	NULL,	4359435),
('RIDLR',	1164739.00,	1164590.00,	0,	149.00,	'PRO',	'2017-09-04 08:41:49',	'j75x30fp000000c8',	NULL,	NULL,	NULL,	4359436),
('RIDLR',	1164590.00,	1164441.00,	0,	149.00,	'PRO',	'2017-09-04 08:58:16',	'j75x5hmo000000c8',	NULL,	NULL,	NULL,	4359437),
('RIDLR',	1164441.00,	1164240.00,	0,	201.00,	'PRO',	'2017-09-04 08:59:02',	'j75xp8j9000000c8',	NULL,	NULL,	NULL,	4359438),
('RIDLR',	1164240.00,	1164091.00,	0,	149.00,	'PRO',	'2017-09-04 08:59:26',	'j75xprdh000000c8',	NULL,	NULL,	NULL,	4359439),
('RIDLR',	1164091.00,	1163890.00,	0,	201.00,	'PRO',	'2017-09-04 08:59:48',	'j75xqc11000000c8',	NULL,	NULL,	NULL,	4359440),
('RIDLR',	1163890.00,	1163741.00,	0,	149.00,	'PRO',	'2017-09-04 09:01:05',	'j75xrwc6000000c8',	NULL,	NULL,	NULL,	4359441),
('RIDLR',	1163741.00,	1163592.00,	0,	149.00,	'PRO',	'2017-09-04 09:04:18',	'j75xvxkt000000c8',	NULL,	NULL,	NULL,	4359442),
('RIDLR',	1163592.00,	1163391.00,	0,	201.00,	'PRO',	'2017-09-04 09:04:46',	'j75xwmii000000c8',	NULL,	NULL,	NULL,	4359443),
('RIDLR',	1163391.00,	1163190.00,	0,	201.00,	'PRO',	'2017-09-04 09:06:01',	'j75xy1bb000000c8',	NULL,	NULL,	NULL,	4359444),
('RIDLR',	1163190.00,	1163068.00,	0,	122.00,	'PRO',	'2017-09-04 09:06:30',	'j75xyuue000000c8',	NULL,	NULL,	NULL,	4359445),
('RIDLR',	1163068.00,	1162919.00,	0,	149.00,	'PRO',	'2017-09-04 09:06:55',	'j75xzbgc000000c8',	NULL,	NULL,	NULL,	4359446),
('RIDLR',	1162919.00,	1162718.00,	0,	201.00,	'PRO',	'2017-09-04 09:07:29',	'j75xzzvu000000c8',	NULL,	NULL,	NULL,	4359447),
('RIDLR',	1162718.00,	1162596.00,	0,	122.00,	'PRO',	'2017-09-04 09:26:23',	'j75y2dpu000000c8',	NULL,	NULL,	NULL,	4359448),
('RIDLR',	1162596.00,	1162447.00,	0,	149.00,	'PRO',	'2017-09-04 09:26:50',	'j75yowcd000000c8',	NULL,	NULL,	NULL,	4359449),
('RIDLR',	1162447.00,	1162298.00,	0,	149.00,	'PRO',	'2017-09-04 09:27:18',	'j75ypfoz000000c8',	NULL,	NULL,	NULL,	4359450),
('RIDLR',	1162298.00,	1162176.00,	0,	122.00,	'PRO',	'2017-09-04 09:27:40',	'j75yq1km000000c8',	NULL,	NULL,	NULL,	4359451),
('RIDLR',	1162176.00,	1162027.00,	0,	149.00,	'PRO',	'2017-09-04 09:28:07',	'j75yqkdt000000c8',	NULL,	NULL,	NULL,	4359452),
('RIDLR',	1162027.00,	1161878.00,	0,	149.00,	'PRO',	'2017-09-04 09:28:31',	'j75yr5cn000000c8',	NULL,	NULL,	NULL,	4359453),
('RIDLR',	1161878.00,	1161794.00,	0,	84.00,	'PRO',	'2017-09-04 09:28:59',	'j75yrp61000000c8',	NULL,	NULL,	NULL,	4359454),
('RIDLR',	1161794.00,	1161672.00,	0,	122.00,	'PRO',	'2017-09-04 09:30:08',	'j75yt40d000000c8',	NULL,	NULL,	NULL,	4359455),
('RIDLR',	1161672.00,	1161471.00,	0,	201.00,	'PRO',	'2017-09-04 09:30:39',	'j75ytr8u000000c8',	NULL,	NULL,	NULL,	4359456),
('RIDLR',	1161471.00,	1161349.00,	0,	122.00,	'PRO',	'2017-09-04 09:31:32',	'j75yuebg000000c8',	NULL,	NULL,	NULL,	4359457),
('RIDLR',	1161349.00,	1161148.00,	0,	201.00,	'PRO',	'2017-09-04 09:42:10',	'j75yvj4q000000c8',	NULL,	NULL,	NULL,	4359458),
('RIDLR',	1161148.00,	1160999.00,	0,	149.00,	'PRO',	'2017-09-04 09:43:07',	'j75z9946000000c8',	NULL,	NULL,	NULL,	4359459),
('RIDLR',	1160999.00,	1160798.00,	0,	201.00,	'PRO',	'2017-09-04 09:43:35',	'j75zags3000000c8',	NULL,	NULL,	NULL,	4359460),
('RIDLR',	1160798.00,	1160597.00,	0,	201.00,	'PRO',	'2017-09-04 09:44:47',	'j75zbw5x000000c8',	NULL,	NULL,	NULL,	4359461),
('RIDLR',	1160597.00,	1160448.00,	0,	149.00,	'PRO',	'2017-09-04 09:46:09',	'j75zdseq000000c8',	NULL,	NULL,	NULL,	4359462),
('RIDLR',	1160448.00,	1160299.00,	0,	149.00,	'PRO',	'2017-09-04 09:46:48',	'j75zef4v000000c8',	NULL,	NULL,	NULL,	4359463),
('RIDLR',	1160299.00,	1160150.00,	0,	149.00,	'PRO',	'2017-09-04 09:47:11',	'j75zf6ud000000c8',	NULL,	NULL,	NULL,	4359464),
('RIDLR',	1160150.00,	1160001.00,	0,	149.00,	'PRO',	'2017-09-04 09:47:33',	'j75zfnfh000000c8',	NULL,	NULL,	NULL,	4359465),
('RIDLR',	1160001.00,	1159800.00,	0,	201.00,	'PRO',	'2017-09-04 09:48:01',	'j75zg5gu000000c8',	NULL,	NULL,	NULL,	4359466),
('RIDLR',	1159800.00,	1159599.00,	0,	201.00,	'PRO',	'2017-09-04 09:48:22',	'j75zgoe6000000c8',	NULL,	NULL,	NULL,	4359467),
('RIDLR',	1159599.00,	1159398.00,	0,	201.00,	'PRO',	'2017-09-04 10:05:23',	'j75zjv93000000c8',	NULL,	NULL,	NULL,	4359468),
('RIDLR',	1159398.00,	1159197.00,	0,	201.00,	'PRO',	'2017-09-04 10:05:50',	'j76031tq000000c8',	NULL,	NULL,	NULL,	4359469),
('RIDLR',	1159197.00,	1158996.00,	0,	201.00,	'PRO',	'2017-09-04 10:07:06',	'j7604o12000000c8',	NULL,	NULL,	NULL,	4359470),
('RIDLR',	1158996.00,	1158847.00,	0,	149.00,	'PRO',	'2017-09-04 10:08:06',	'j760586d000000c8',	NULL,	NULL,	NULL,	4359471),
('RIDLR',	1158847.00,	1158698.00,	0,	149.00,	'PRO',	'2017-09-04 10:08:28',	'j7606ime000000c8',	NULL,	NULL,	NULL,	4359472),
('RIDLR',	1158698.00,	1158497.00,	0,	201.00,	'PRO',	'2017-09-04 10:28:08',	'j760vg2v000000c8',	NULL,	NULL,	NULL,	4359473),
('RIDLR',	1158497.00,	1158348.00,	0,	149.00,	'PRO',	'2017-09-04 10:29:31',	'j760xfy4000000c8',	NULL,	NULL,	NULL,	4359474),
('RIDLR',	1158348.00,	1158199.00,	0,	149.00,	'PRO',	'2017-09-04 10:30:01',	'j760y5b6000000c8',	NULL,	NULL,	NULL,	4359475),
('RIDLR',	1158199.00,	1157998.00,	0,	201.00,	'PRO',	'2017-09-04 10:30:26',	'j760yqpz000000c8',	NULL,	NULL,	NULL,	4359476),
('RIDLR',	1157998.00,	1157797.00,	0,	201.00,	'PRO',	'2017-09-04 10:30:57',	'j760zdy5000000c8',	NULL,	NULL,	NULL,	4359477),
('RIDLR',	1157797.00,	1157596.00,	0,	201.00,	'PRO',	'2017-09-04 10:39:37',	'j761akca000000c8',	NULL,	NULL,	NULL,	4359478),
('RIDLR',	1157596.00,	1157447.00,	0,	149.00,	'PRO',	'2017-09-04 10:41:09',	'j761ceii000000c8',	NULL,	NULL,	NULL,	4359479),
('RIDLR',	1157447.00,	1157246.00,	0,	201.00,	'PRO',	'2017-09-04 10:41:58',	'j761d4on000000c8',	NULL,	NULL,	NULL,	4359480),
('RIDLR',	1157246.00,	1157124.00,	0,	122.00,	'PRO',	'2017-09-04 10:43:33',	'j761fd85000000c8',	NULL,	NULL,	NULL,	4359481),
('RIDLR',	1157124.00,	1157002.00,	0,	122.00,	'PRO',	'2017-09-04 10:43:59',	'j761g3zb000000c8',	NULL,	NULL,	NULL,	4359482),
('RIDLR',	1157002.00,	1156880.00,	0,	122.00,	'PRO',	'2017-09-04 10:45:00',	'j761gvnr000000c8',	NULL,	NULL,	NULL,	4359483),
('RIDLR',	1156880.00,	1156679.00,	0,	201.00,	'PRO',	'2017-09-04 11:22:06',	'j761hyvv000000c8',	NULL,	NULL,	NULL,	4359484),
('RIDLR',	1156679.00,	1156530.00,	0,	149.00,	'PRO',	'2017-09-04 11:22:38',	'j762tqic000000c8',	NULL,	NULL,	NULL,	4359485),
('RIDLR',	1156530.00,	1156381.00,	0,	149.00,	'PRO',	'2017-09-04 11:23:00',	'j762ue9v000000c8',	NULL,	NULL,	NULL,	4359486),
('RIDLR',	1156381.00,	1156232.00,	0,	149.00,	'PRO',	'2017-09-04 11:24:04',	'j762vlu2000000c8',	NULL,	NULL,	NULL,	4359487),
('RIDLR',	1156232.00,	1156083.00,	0,	149.00,	'PRO',	'2017-09-04 11:25:00',	'j762w9uh000000c8',	NULL,	NULL,	NULL,	4359488),
('RIDLR',	1156083.00,	1155961.00,	0,	122.00,	'PRO',	'2017-09-04 11:25:36',	'j762xinc000000c8',	NULL,	NULL,	NULL,	4359489),
('RIDLR',	1155961.00,	1155839.00,	0,	122.00,	'PRO',	'2017-09-04 11:28:04',	'j7630qmg000000c8',	NULL,	NULL,	NULL,	4359490),
('RIDLR',	1155839.00,	1155755.00,	0,	84.00,	'PRO',	'2017-09-04 11:46:07',	'j76326nj000000c8',	NULL,	NULL,	NULL,	4359491),
('RIDLR',	1155755.00,	1155633.00,	0,	122.00,	'PRO',	'2017-09-04 11:47:06',	'j763ow5e000000c8',	NULL,	NULL,	NULL,	4359492),
('RIDLR',	1155633.00,	1155484.00,	0,	149.00,	'PRO',	'2017-09-04 11:48:22',	'j763qux5000000c8',	NULL,	NULL,	NULL,	4359493),
('RIDLR',	1155484.00,	1155335.00,	0,	149.00,	'PRO',	'2017-09-04 11:48:50',	'j763ri8v000000c8',	NULL,	NULL,	NULL,	4359494),
('RIDLR',	1155335.00,	1155134.00,	0,	201.00,	'PRO',	'2017-09-04 11:49:16',	'j763s5ob000000c8',	NULL,	NULL,	NULL,	4359495),
('RIDLR',	1155134.00,	1154985.00,	0,	149.00,	'PRO',	'2017-09-04 11:50:23',	'j763tiq4000000c8',	NULL,	NULL,	NULL,	4359496),
('RIDLR',	1154985.00,	1154836.00,	0,	149.00,	'PRO',	'2017-09-04 12:03:37',	'j764akkx000000c8',	NULL,	NULL,	NULL,	4359497),
('RIDLR',	1154836.00,	1154687.00,	0,	149.00,	'PRO',	'2017-09-04 12:04:07',	'j764b6n8000000c8',	NULL,	NULL,	NULL,	4359498),
('RIDLR',	1154687.00,	1154538.00,	0,	149.00,	'PRO',	'2017-09-04 12:04:37',	'j764bs24000000c8',	NULL,	NULL,	NULL,	4359499),
('RIDLR',	1154538.00,	1154389.00,	0,	149.00,	'PRO',	'2017-09-04 12:05:03',	'j764cd2f000000c8',	NULL,	NULL,	NULL,	4359500),
('RIDLR',	1154389.00,	1154240.00,	0,	149.00,	'PRO',	'2017-09-04 12:05:37',	'j764czej000000c8',	NULL,	NULL,	NULL,	4359501),
('RIDLR',	1154240.00,	1154091.00,	0,	149.00,	'PRO',	'2017-09-04 12:06:51',	'j764enmv000000c8',	NULL,	NULL,	NULL,	4359502),
('RIDLR',	1154091.00,	1153969.00,	0,	122.00,	'PRO',	'2017-09-04 12:07:24',	'j764fdre000000c8',	NULL,	NULL,	NULL,	4359503),
('RIDLR',	1153969.00,	1153820.00,	0,	149.00,	'PRO',	'2017-09-04 12:07:52',	'j764fx84000000c8',	NULL,	NULL,	NULL,	4359504),
('RIDLR',	1153820.00,	1153671.00,	0,	149.00,	'PRO',	'2017-09-04 12:08:26',	'j764gol2000000c8',	NULL,	NULL,	NULL,	4359505),
('RIDLR',	1153671.00,	1153522.00,	0,	149.00,	'PRO',	'2017-09-04 12:24:21',	'j764i6v2000000c8',	NULL,	NULL,	NULL,	4359506),
('RIDLR',	1153522.00,	1153373.00,	0,	149.00,	'PRO',	'2017-09-04 12:24:49',	'j7651s68000000c8',	NULL,	NULL,	NULL,	4359507),
('RIDLR',	1153373.00,	1153289.00,	0,	84.00,	'PRO',	'2017-09-04 12:25:21',	'j7652bto000000c8',	NULL,	NULL,	NULL,	4359508),
('RIDLR',	1153289.00,	1153088.00,	0,	201.00,	'PRO',	'2017-09-04 12:26:24',	'j7653uje000000c8',	NULL,	NULL,	NULL,	4359509),
('RIDLR',	1153088.00,	1152966.00,	0,	122.00,	'PRO',	'2017-09-04 12:27:22',	'j76550me000000c8',	NULL,	NULL,	NULL,	4359510),
('RIDLR',	1152966.00,	1152765.00,	0,	201.00,	'PRO',	'2017-09-04 12:27:46',	'j7655lo0000000c8',	NULL,	NULL,	NULL,	4359511),
('RIDLR',	1152765.00,	1152616.00,	0,	149.00,	'PRO',	'2017-09-04 12:28:15',	'j76566n6000000c8',	NULL,	NULL,	NULL,	4359512),
('RIDLR',	1152616.00,	1152415.00,	0,	201.00,	'PRO',	'2017-09-04 12:28:47',	'j7656rje000000c8',	NULL,	NULL,	NULL,	4359513),
('RIDLR',	1152415.00,	1152266.00,	0,	149.00,	'PRO',	'2017-09-04 12:29:17',	'j7657gs7000000c8',	NULL,	NULL,	NULL,	4359514),
('RIDLR',	1152266.00,	1152117.00,	0,	149.00,	'PRO',	'2017-09-04 12:30:48',	'j7659gz5000000c8',	NULL,	NULL,	NULL,	4359515),
('RIDLR',	1152117.00,	1151968.00,	0,	149.00,	'PRO',	'2017-09-04 12:33:29',	'j765a4of000000c8',	NULL,	NULL,	NULL,	4359516),
('RIDLR',	1151968.00,	1151819.00,	0,	149.00,	'PRO',	'2017-09-04 12:34:39',	'j765edez000000c8',	NULL,	NULL,	NULL,	4359517),
('RIDLR',	1151819.00,	1151670.00,	0,	149.00,	'PRO',	'2017-09-04 12:35:13',	'j765f4v1000000c8',	NULL,	NULL,	NULL,	4359518),
('RIDLR',	1151670.00,	1151521.00,	0,	149.00,	'PRO',	'2017-09-04 12:35:46',	'j765fq28000000c8',	NULL,	NULL,	NULL,	4359519),
('RIDLR',	1151521.00,	1151372.00,	0,	149.00,	'PRO',	'2017-09-04 12:36:35',	'j765ghlv000000c8',	NULL,	NULL,	NULL,	4359520),
('RIDLR',	1151372.00,	1151223.00,	0,	149.00,	'PRO',	'2017-09-04 12:37:10',	'j765hn9b000000c8',	NULL,	NULL,	NULL,	4359521),
('RIDLR',	1151223.00,	1151022.00,	0,	201.00,	'PRO',	'2017-09-04 12:38:47',	'j765jmtx000000c8',	NULL,	NULL,	NULL,	4359522),
('RIDLR',	1151022.00,	1150873.00,	0,	149.00,	'PRO',	'2017-09-04 12:39:11',	'j765kaxc000000c8',	NULL,	NULL,	NULL,	4359523),
('RIDLR',	1150873.00,	1150751.00,	0,	122.00,	'PRO',	'2017-09-04 12:39:47',	'j765kx8m000000c8',	NULL,	NULL,	NULL,	4359524),
('RIDLR',	1150751.00,	1150602.00,	0,	149.00,	'PRO',	'2017-09-05 05:58:55',	'j776owei000000c8',	NULL,	NULL,	NULL,	4359525),
('RIDLR',	1150602.00,	1150453.00,	0,	149.00,	'PRO',	'2017-09-05 05:59:18',	'j776pzru000000c8',	NULL,	NULL,	NULL,	4359526),
('RIDLR',	1150453.00,	1150304.00,	0,	149.00,	'PRO',	'2017-09-05 05:59:48',	'j776qewr000000c8',	NULL,	NULL,	NULL,	4359527),
('RIDLR',	1150304.00,	1150155.00,	0,	149.00,	'PRO',	'2017-09-05 06:02:07',	'j776tldn000000c8',	NULL,	NULL,	NULL,	4359528),
('RIDLR',	1150155.00,	1150006.00,	0,	149.00,	'PRO',	'2017-09-05 06:04:29',	'j776whqw000000c8',	NULL,	NULL,	NULL,	4359529),
('RIDLR',	1150006.00,	1149884.00,	0,	122.00,	'PRO',	'2017-09-05 06:06:18',	'j776yvek000000c8',	NULL,	NULL,	NULL,	4359530),
('RIDLR',	1149884.00,	1149735.00,	0,	149.00,	'PRO',	'2017-09-05 06:06:59',	'j776zpu0000000c8',	NULL,	NULL,	NULL,	4359531),
('RIDLR',	1149735.00,	1149586.00,	0,	149.00,	'PRO',	'2017-09-05 06:07:31',	'j7770eai000000c8',	NULL,	NULL,	NULL,	4359532),
('RIDLR',	1149586.00,	1149464.00,	0,	122.00,	'PRO',	'2017-09-05 06:09:02',	'j7772dfa000000c8',	NULL,	NULL,	NULL,	4359533),
('RIDLR',	1149464.00,	1149380.00,	0,	84.00,	'PRO',	'2017-09-05 06:20:44',	'j7773wby000000c8',	NULL,	NULL,	NULL,	4359534),
('RIDLR',	1149380.00,	1149231.00,	0,	149.00,	'PRO',	'2017-09-05 06:21:12',	'j777hzrv000000c8',	NULL,	NULL,	NULL,	4359535),
('RIDLR',	1149231.00,	1149109.00,	0,	122.00,	'PRO',	'2017-09-05 06:21:40',	'j777ijd4000000c8',	NULL,	NULL,	NULL,	4359536),
('RIDLR',	1149109.00,	1148987.00,	0,	122.00,	'PRO',	'2017-09-05 06:22:21',	'j777j7b5000000c8',	NULL,	NULL,	NULL,	4359537),
('RIDLR',	1148987.00,	1148865.00,	0,	122.00,	'PRO',	'2017-09-05 06:24:00',	'j777ldqe000000c8',	NULL,	NULL,	NULL,	4359538),
('RIDLR',	1148865.00,	1148743.00,	0,	122.00,	'PRO',	'2017-09-05 06:24:23',	'j777m51e000000c8',	NULL,	NULL,	NULL,	4359539),
('RIDLR',	1148743.00,	1148594.00,	0,	149.00,	'PRO',	'2017-09-05 06:24:57',	'j777mr5j000000c8',	NULL,	NULL,	NULL,	4359540),
('RIDLR',	1148594.00,	1148445.00,	0,	149.00,	'PRO',	'2017-09-05 06:25:33',	'j777nfsf000000c8',	NULL,	NULL,	NULL,	4359541),
('RIDLR',	1148445.00,	1148323.00,	0,	122.00,	'PRO',	'2017-09-05 06:26:03',	'j777o7bf000000c8',	NULL,	NULL,	NULL,	4359542);

DROP TABLE IF EXISTS `ridlr_reconcilation_data`;
CREATE TABLE `ridlr_reconcilation_data` (
  `rrid` int(11) NOT NULL AUTO_INCREMENT,
  `agent_cd` varchar(20) NOT NULL,
  `opening_balance` float(10,2) NOT NULL,
  `closing_balance` float(10,2) NOT NULL,
  `ticket_amount` float(10,2) NOT NULL,
  `transaction_id` varchar(20) NOT NULL,
  `transaction_date` datetime NOT NULL,
  `upload_date` datetime NOT NULL,
  `modified` enum('Y','N') NOT NULL,
  PRIMARY KEY (`rrid`)
) ENGINE=InnoDB DEFAULT CHARSET=latin1;

INSERT INTO `ridlr_reconcilation_data` (`rrid`, `agent_cd`, `opening_balance`, `closing_balance`, `ticket_amount`, `transaction_id`, `transaction_date`, `upload_date`, `modified`) VALUES
(1,	'RIDLR',	1000000.00,	1000000.00,	100.00,	'XXX',	'2017-09-01 00:00:00',	'2017-09-01 17:40:42',	'N'),
(2,	'RIDLR',	1000000.00,	1000000.00,	100.00,	'XXX',	'2017-08-29 00:00:00',	'2017-09-01 17:41:51',	'N');

DROP TABLE IF EXISTS `ridlr_transaction_data`;
CREATE TABLE `ridlr_transaction_data` (
  `rtid` int(11) NOT NULL,
  `action` varchar(255) DEFAULT NULL,
  `agent_cd` varchar(255) DEFAULT NULL,
  `booking_date_time` datetime DEFAULT NULL,
  `closing_balance` float DEFAULT NULL,
  `company_status` varchar(255) DEFAULT NULL,
  `item_type` varchar(255) DEFAULT NULL,
  `modified` varchar(255) DEFAULT NULL,
  `opening_balance` float DEFAULT NULL,
  `payment_status` varchar(255) DEFAULT NULL,
  `ticket_amount` float DEFAULT NULL,
  `transactionReferenceId` varchar(255) DEFAULT NULL,
  `upload_date` datetime DEFAULT NULL,
  PRIMARY KEY (`rtid`)
) ENGINE=InnoDB DEFAULT CHARSET=latin1;


DROP TABLE IF EXISTS `usermaster`;
CREATE TABLE `usermaster` (
  `id` int(11) NOT NULL AUTO_INCREMENT,
  `username` varchar(20) NOT NULL,
  `password` varchar(20) NOT NULL,
  `role` varchar(50) DEFAULT NULL,
  PRIMARY KEY (`id`)
) ENGINE=InnoDB DEFAULT CHARSET=latin1;

INSERT INTO `usermaster` (`id`, `username`, `password`, `role`) VALUES
(1,	'trimax',	'trimax',	'admin'),
(2,	'ramesh',	'trimax',	'RIDLR'),
(3,	'rajesh',	'trimax',	'REDBUS');

-- 2017-09-05 06:54:18
